candidate_id,mdc_0069b1076c73906e,mdc_0166c26db49126b2,mdc_0196c8ad94f13c8c,mdc_031f3155a31e7062,mdc_05e99567b31e2127,mdc_0797eb6c34ebdc60,mdc_0be4614eb2c8e446,mdc_0d70e9dadeea2aa7,mdc_0f8ce9e4611fe036,mdc_11261b4c8c37b3af,mdc_1361621b538bd930,mdc_1366eb063c96bd09,mdc_179d84172c9dbb2d,mdc_17e3754562e88e01,mdc_18a517e70fce1a2f,mdc_1a7ec2fadcbe5129,mdc_1a972c69566941d1,mdc_1dc3c9761e80f81c,mdc_1fae6b535e8df13d,mdc_2107f1ec01dfce72,mdc_23468deffc77a94a,mdc_251595cbee25d1fd,mdc_2b091782d352444b,mdc_2c0edd3b5a69ca83,mdc_2e0b10ec18fb4d65,mdc_36eb8ebeca066850,mdc_37f41d7a7f1340c7,mdc_391cba888651d8d3,mdc_3a857f4b8a3e3588,mdc_3bdd527ed80d98c6,mdc_3e4fc9dc6dcf546a,mdc_3ed979ee7d9dabe6,mdc_41a8bba213046a30,mdc_44fec92ec4fa360c,mdc_46d2c3136b8beeb4,mdc_477bddd87893a8d5,mdc_485790eb68bebcd9,mdc_4992167889db9b2e,mdc_49cc9ddd19f8d982,mdc_49f926d52969ca20,mdc_4a9fea41ca5fb263,mdc_4b222749aeece7d2,mdc_4c6118b76af0f0c6,mdc_4f37d90902a02fb0,mdc_50898bec5bf99099,mdc_51a60a3264845365,mdc_55704ef55a74b2cd,mdc_5e13b90555a693c9,mdc_5f065ced36a26565,mdc_61438f8a108ae268,mdc_621143441783762a,mdc_6528eee052f7feb1,mdc_677e824ccda9c019,mdc_678609c534d68189,mdc_6cacbba19ad9b8d3,mdc_6f008c954ea26bf5,mdc_76477bceb0d8f4af,mdc_768a5c7e2b969a5c,mdc_79e791563e18827f,mdc_7d14f841ef43cadf,mdc_7f69956dbd1c0013,mdc_801488267ad484dc,mdc_816bddd1a301dac9,mdc_846faa048a1022c9,mdc_855778f6a4cdfa71,mdc_85674e81d3506a6c,mdc_886edcbc5a858c56,mdc_8c0ec58523669f91,mdc_8c4eb611f2281cb9,mdc_8cbf8475db61e0ec,mdc_8de974a1ea5ca8c9,mdc_8e573e8836b37473,mdc_8e8240d2bedb8e5b,mdc_8f1dc634ad078b0f,mdc_90044637c94671be,mdc_953ada34cefc6465,mdc_97e5cdb98ab5a15d,mdc_98600cc3f61ce0d1,mdc_99aa952c5d5f6ff7,mdc_9a206dcb98dd1c00,mdc_9e12ffb84cd61f2b,mdc_9e477e1d1e8166cf,mdc_a0f769fc20835273,mdc_a1d5ba23cce99ff9,mdc_a559a88331a8ceed,mdc_a627de466de38e08,mdc_a9c8937e1959621a,mdc_aa25caf5a0a04dc2,mdc_abe08fe96756a464,mdc_acce1385a9b57a3c,mdc_ad786dac3c66daeb,mdc_b096b26d1e958125,mdc_b3ce27310db4b598,mdc_b51bdd16328fe2cc,mdc_b6dfe91842845346,mdc_b91907ea7dd79a88,mdc_b92e8a4f0ef50e68,mdc_ba43d333e738b158,mdc_bc15e7fc4f2e7bff,mdc_bcab10034fd66fe3,mdc_bd0d2edb9c184cc8,mdc_be57ebb80c38d83e,mdc_be80cb247303bb8c,mdc_c1bc70edae36a6d2,mdc_c3f22a3b2320b02b,mdc_cc8c77c2e4658747,mdc_ce441f34fbac37a9,mdc_d09458a4f96cd61b,mdc_d14399299976220d,mdc_d25a06f953e1cce2,mdc_d277605e97c4c852,mdc_d85f53e055270c7b,mdc_df580039cda31237,mdc_dfd60d2f2c6863e5,mdc_e0df03299c6d576d,mdc_e0e6217804293163,mdc_e19c602426cbe9a2,mdc_e30c4fb0bbc963e6,mdc_e32bb6929aef08f7,mdc_e62e894e452b0619,mdc_e77699a8893a31cd,mdc_e9c74b43bf92a568,mdc_e9f1550d7cfae623,mdc_eb281f6d7961dd89,mdc_f626a0aebd084d8b,mdc_f75b772be82c145f,mdc_f76d596406c0ea04,mdc_ff8260603405b20b,mdc_ffec287b3c683df7
mdc_0069b1076c73906e,1.0,nan,nan,nan,nan,nan,nan,nan,nan,0.8441365859599395,nan,nan,nan,nan,nan,nan,nan,nan,nan,0.9027825703463432,nan,nan,nan,nan,nan,-0.4258529176078539,nan,nan,0.1146999921509051,nan,0.9038023448047844,nan,nan,0.27034069110210657,0.8655047088169933,0.777647617042372,nan,0.32536343675131396,nan,0.8874478171866447,0.7495165703504524,nan,nan,0.756316988619723,nan,nan,nan,nan,nan,nan,nan,nan,nan,nan,0.8828739641565967,0.8783051463794372,nan,0.8242756149898964,nan,0.8442510575529764,nan,nan,0.8647773439895597,nan,nan,nan,nan,0.8346013854958219,nan,0.8783051463794372,nan,nan,nan,0.7376955820055431,nan,nan,nan,0.9163087133857766,0.3573621226680932,nan,nan,nan,nan,nan,nan,nan,nan,nan,nan,0.8008239644103047,nan,nan,nan,nan,nan,nan,0.14573772536948779,nan,nan,nan,nan,nan,-0.5072440929327718,0.8515129089171446,nan,nan,-0.4258529176078539,nan,0.8514431873321293,nan,0.2380959070050461,nan,0.9100235852872257,nan,nan,nan,nan,0.3573621226680932,0.8447204039371018,0.8560493129158109,nan,0.7809574575396528,nan,-0.4552832906154873,nan,nan,0.6115203112877278,nan,nan
mdc_0166c26db49126b2,nan,1.0,0.8056114928603478,nan,0.8683084986355675,0.9416231652312448,0.6463779527901067,0.9437718313044805,nan,nan,nan,nan,0.845976515273217,0.8738927258923994,nan,nan,nan,nan,0.9572960623751063,nan,0.7333362411515066,0.9217763189497586,0.787228552675319,nan,nan,nan,nan,0.6052064535733024,nan,0.7693289077299342,nan,0.29973694316459903,nan,nan,nan,nan,0.9648126389618368,nan,0.9623031214727685,nan,nan,0.8500699794187794,0.8432323132016797,nan,nan,nan,0.7493124266343606,0.9200181056278616,0.7602123090800766,nan,nan,nan,0.8362221475716626,nan,nan,nan,0.5933066109395309,nan,0.5948276252436903,nan,0.9535604252417813,0.7071151863090023,nan,0.849851726344808,0.7602123090800766,0.9382614225818243,0.5933066109395309,nan,0.7196785173360948,nan,0.800022094413173,0.8225903231605828,0.7196785173360948,nan,0.7700319446706934,nan,nan,nan,nan,0.8809083564740092,0.8788186651515937,nan,0.3494260603651624,0.9279034106952753,0.8692865254458678,nan,0.6052064535733024,nan,0.8638381114935838,nan,nan,0.9376737172410587,0.8717502353003794,0.8362221475716626,0.5948276252436903,0.7783436750750686,nan,0.8041551163837103,0.9545180735728903,nan,nan,nan,nan,nan,nan,0.6463779527901067,nan,0.9088774836362775,nan,0.7870663991100779,nan,0.9022194662582947,nan,0.7071151863090023,0.8717502353003794,0.9297689004218948,0.7783436750750686,nan,nan,nan,0.8734256254918886,nan,0.819219084444737,nan,0.8062843286640753,0.8382833002196514,nan,nan,0.7139645932550753
mdc_0196c8ad94f13c8c,nan,0.8056114928603478,0.9999999999999998,nan,0.8815189547532958,0.8142907318264316,0.5052704448394733,0.8172559152631962,nan,nan,nan,nan,0.7052215741019149,0.7104817230976206,nan,nan,nan,nan,0.8290676809858514,nan,0.5734312007825286,0.7548475751272021,0.6187745357652022,nan,nan,nan,nan,0.4760746854136525,nan,0.6648962088501479,nan,0.21961252025224093,nan,nan,nan,nan,0.811096116195674,nan,0.8153526773022071,nan,nan,0.6693048787603839,0.6970090784839261,nan,nan,nan,0.6328748952617206,0.7936902783353844,0.6354522894551328,nan,nan,nan,0.7109969335056523,nan,nan,nan,0.49101857530621157,nan,0.46420644217572965,nan,0.811557290215631,0.5651976769689498,nan,0.6889658327124749,0.6354522894551328,0.7670078515911385,0.49101857530621157,nan,0.5982387215802577,nan,0.6399594728083775,0.6683067260422347,0.5982387215802577,nan,0.6268895005826126,nan,nan,nan,nan,0.733938117803629,0.7217399224184267,nan,0.22058888045921704,0.7755832349559337,0.7126721386691544,nan,0.4760746854136525,nan,0.6984174842543227,nan,nan,0.8051437857352419,0.7252169475663393,0.7109969335056523,0.46420644217572965,0.6589959135979988,nan,0.7248387286173562,0.8133576645822916,nan,nan,nan,nan,nan,nan,0.5052704448394733,nan,0.7883500401137166,nan,0.6439202891402531,nan,0.8184434195105711,nan,0.5651976769689498,0.7252169475663393,0.7692589107774747,0.6589959135979988,nan,nan,nan,0.710498784210201,nan,0.6745367626592095,nan,0.664233181729102,0.7161821925413645,nan,nan,0.5442592034161279
mdc_031f3155a31e7062,nan,nan,nan,1.0,nan,nan,nan,nan,0.6793474670894001,nan,0.9492670709280102,-0.3253084175871804,nan,nan,0.958742232055828,0.9492670709280102,0.6954521868428908,0.9332283466050518,nan,nan,nan,nan,nan,-0.40225772214940947,0.6157725754261579,nan,0.9496507618307496,nan,nan,nan,nan,nan,0.6789297569688231,nan,nan,nan,nan,nan,nan,nan,nan,nan,nan,nan,-0.4168850771680284,0.6582328126704277,nan,nan,nan,0.9492670709280102,0.620557735045788,-0.390433036336964,nan,-0.36619582930640127,nan,nan,nan,nan,nan,nan,nan,nan,nan,nan,nan,nan,nan,nan,nan,nan,nan,nan,nan,nan,nan,-0.36619582930640127,0.9290812977574481,nan,nan,nan,nan,-0.390433036336964,nan,nan,nan,-0.3822862397129997,nan,0.9620276164789477,nan,nan,-0.36619582930640127,nan,nan,nan,nan,nan,nan,nan,nan,0.9290812977574481,0.6582328126704277,0.620557735045788,nan,nan,0.6582328126704277,nan,nan,nan,nan,nan,nan,nan,nan,nan,nan,nan,nan,nan,nan,nan,nan,nan,nan,nan,nan,nan,nan,0.8962473685560417,nan
mdc_05e99567b31e2127,nan,0.8683084986355675,0.8815189547532958,nan,1.0,0.8655495575060406,0.5717288953288311,0.8619076793361033,nan,nan,nan,nan,0.7751512444814832,0.7551618865154431,nan,nan,nan,nan,0.8798097877046237,nan,0.6657426740566265,0.8147290067061098,0.704836087860192,nan,nan,nan,nan,0.5380367663750144,nan,0.699935489979302,nan,0.20499478713899358,nan,nan,nan,nan,0.8645984958819064,nan,0.8715990414411576,nan,nan,0.7198838769633864,0.7662261666349452,nan,nan,nan,0.6763564463573823,0.8429141624491162,0.6970528687236411,nan,nan,nan,0.7709755530057745,nan,nan,nan,0.5477155550073762,nan,0.5339260586512443,nan,0.8682075220987735,0.6260297423779929,nan,0.7422724746518811,0.6970528687236411,0.8340553235222594,0.5477155550073762,nan,0.6568517022873044,nan,0.7108629953725509,0.7357306322857743,0.6568517022873044,nan,0.700305968231388,nan,nan,nan,nan,0.7907267571627399,0.7782325489229857,nan,0.21658003115717137,0.8555936787036293,0.7632637051667821,nan,0.5380367663750144,nan,0.7759116672353764,nan,nan,0.8453860813148648,0.7776274405142397,0.7709755530057745,0.5339260586512443,0.7283198861560405,nan,0.7597379791544377,0.8649588126491257,nan,nan,nan,nan,nan,nan,0.5717288953288311,nan,0.8392925007132681,nan,0.6862554733039249,nan,0.867332451353818,nan,0.6260297423779929,0.7776274405142397,0.8438153804560667,0.7283198861560405,nan,nan,nan,0.7551189694993579,nan,0.7330526927439746,nan,0.7233170959308992,0.7441035370840385,nan,nan,0.6211130864616945
mdc_0797eb6c34ebdc60,nan,0.9416231652312448,0.8142907318264316,nan,0.8655495575060406,1.0,0.6177515255710816,0.9631545722182223,nan,nan,nan,nan,0.8241745374136056,0.8196907689919811,nan,nan,nan,nan,0.9803172479142974,nan,0.7288546302539807,0.9277359484938346,0.7894710515834138,nan,nan,nan,nan,0.556714076187645,nan,0.808658889318424,nan,0.22558245292416804,nan,nan,nan,nan,0.9657763302184693,nan,0.9730161895902978,nan,nan,0.7882412808318351,0.8099016592048481,nan,nan,nan,0.6988307945509884,0.9441902032443511,0.733715010533985,nan,nan,nan,0.8176614089539933,nan,nan,nan,0.56199865781611,nan,0.5473966588168343,nan,0.978850165766464,0.6615338177589357,nan,0.8085098429255587,0.733715010533985,0.946193382267129,0.56199865781611,nan,0.6819633121693702,nan,0.763001523072101,0.7892990996119511,0.6819633121693702,nan,0.7714696711802781,nan,nan,nan,nan,0.852799825374555,0.8675521293575919,nan,0.3329772025395774,0.9400558862071349,0.8348980051110019,nan,0.556714076187645,nan,0.8181979929972909,nan,nan,0.961611213745824,0.8570723312197485,0.8176614089539933,0.5473966588168343,0.7635223044481542,nan,0.8345234872520071,0.9700896863338461,nan,nan,nan,nan,nan,nan,0.6177515255710816,nan,0.9033427855057327,nan,0.7634866238148146,nan,0.9265316084477131,nan,0.6615338177589357,0.8570723312197485,0.9577399314646552,0.7635223044481542,nan,nan,nan,0.819066688282577,nan,0.7665963346403886,nan,0.7509671373995558,0.8042664343328386,nan,nan,0.7353318473598741
mdc_0be4614eb2c8e446,nan,0.6463779527901067,0.5052704448394733,nan,0.5717288953288311,0.6177515255710816,0.9999999999999999,0.6696789976953275,nan,nan,nan,nan,0.6569496812103507,0.670598335908787,nan,nan,nan,nan,0.6232947363125437,nan,0.3679556876378447,0.4916698535219596,0.40324760415489913,nan,nan,nan,nan,0.9008813730449761,nan,0.39660274114077154,nan,0.4429697335837915,nan,nan,nan,nan,0.6665505917592375,nan,0.6412847297303258,nan,nan,0.6834623439750087,0.704945668498698,nan,nan,nan,0.4604121902978,0.6447027077997847,0.6492566363570555,nan,nan,nan,0.6543593516213533,nan,nan,nan,0.8406597990902536,nan,0.8762439241870515,nan,0.637578862971738,0.9449662914080278,nan,0.728056554013995,0.6492566363570555,0.5574422333810329,0.8406597990902536,nan,0.8885846827894626,nan,0.6848681691888547,0.7219407351112866,0.8885846827894626,nan,0.3729642348943349,nan,nan,nan,nan,0.6632678673578469,0.691693554361303,nan,0.10003120063137451,0.6538506810221079,0.7208398614552978,nan,0.9008813730449761,nan,0.7118402710007561,nan,nan,0.6043581321894895,0.6650201033871628,0.6543593516213533,0.8762439241870515,0.6724557727794063,nan,0.738512082757561,0.630102629987475,nan,nan,nan,nan,nan,nan,0.9999999999999999,nan,0.606301960015996,nan,0.7582852338809888,nan,0.5863854155961249,nan,0.9449662914080278,0.6650201033871628,0.65025113152749,0.6724557727794063,nan,nan,nan,0.6704025284641342,nan,0.6839319644182631,nan,0.676779116046175,0.6219450833665279,nan,nan,0.3041135904491374
mdc_0d70e9dadeea2aa7,nan,0.9437718313044805,0.8172559152631962,nan,0.8619076793361033,0.9631545722182223,0.6696789976953275,1.0,nan,nan,nan,nan,0.8507659214263119,0.8511598293314036,nan,nan,nan,nan,0.9797472403568722,nan,0.7236926541307953,0.9029102948288427,0.7787654557403066,nan,nan,nan,nan,0.5969611759952569,nan,0.7802177590942113,nan,0.2700920103815403,nan,nan,nan,nan,0.9701329911573291,nan,0.9762497383285145,nan,nan,0.8229662245645123,0.8544844022422322,nan,nan,nan,0.7307804818141796,0.9522602016735702,0.7621671823339641,nan,nan,nan,0.857288525942681,nan,nan,nan,0.5831844135502178,nan,0.5838919512118403,nan,0.972560597289983,0.708024956756333,nan,0.8487720442174376,0.7621671823339641,0.9333243043630167,0.5831844135502178,nan,0.7216568314203181,nan,0.7915934182476858,0.8410583533043444,0.7216568314203181,nan,0.7661432387817145,nan,nan,nan,nan,0.8953815499385586,0.9029628088688026,nan,0.2702402229083373,0.9499840334533685,0.8714264146777014,nan,0.5969611759952569,nan,0.8648964569508623,nan,nan,0.9604424229125651,0.8884185232951127,0.857288525942681,0.5838919512118403,0.7898876912652188,nan,0.8261730119413823,0.972694908052507,nan,nan,nan,nan,nan,nan,0.6696789976953275,nan,0.9041922530581487,nan,0.8085211885955124,nan,0.9200584334461909,nan,0.708024956756333,0.8884185232951127,0.953058326320781,0.7898876912652188,nan,nan,nan,0.85053129939246,nan,0.8138965937477807,nan,0.7942230948742685,0.8308905510617238,nan,nan,0.6963673593392566
mdc_0f8ce9e4611fe036,nan,nan,nan,0.6793474670894001,nan,nan,nan,nan,0.9999999999999999,nan,0.7027560975805529,0.14655225750841344,nan,nan,0.7197365575126069,0.7027560975805529,0.6438142979376509,0.6383481631855761,nan,nan,nan,nan,nan,0.20045449290808426,0.7955679067249362,nan,0.5734607680443551,nan,nan,nan,nan,nan,0.7784196869769745,nan,nan,nan,nan,nan,nan,nan,nan,nan,nan,nan,0.1504235869908791,0.7734519286113817,nan,nan,nan,0.7027560975805529,0.6014877152777629,0.07398996537608944,nan,0.2155477710924069,nan,nan,nan,nan,nan,nan,nan,nan,nan,nan,nan,nan,nan,nan,nan,nan,nan,nan,nan,nan,nan,0.2155477710924069,0.6105668406411799,nan,nan,nan,nan,0.07398996537608944,nan,nan,nan,0.1859898368611899,nan,0.6852039480553686,nan,nan,0.2155477710924069,nan,nan,nan,nan,nan,nan,nan,nan,0.6105668406411799,0.7734519286113817,0.6014877152777629,nan,nan,0.7734519286113817,nan,nan,nan,nan,nan,nan,nan,nan,nan,nan,nan,nan,nan,nan,nan,nan,nan,nan,nan,nan,nan,nan,0.5275676329104009,nan
mdc_11261b4c8c37b3af,0.8441365859599395,nan,nan,nan,nan,nan,nan,nan,nan,1.0,nan,nan,nan,nan,nan,nan,nan,nan,nan,0.962762462939761,nan,nan,nan,nan,nan,-0.8132265268648002,nan,nan,-0.16423727315976608,nan,0.9755788098844115,nan,nan,-0.09969928575680641,0.9824470140279395,0.9037515324346926,nan,0.2666938647274198,nan,0.8232384286170343,0.07168081017628125,nan,nan,0.9557131887598156,nan,nan,nan,nan,nan,nan,nan,nan,nan,nan,0.7563234541331193,0.7856372177889992,nan,0.9214676031287721,nan,0.9780085217490778,nan,nan,0.9814980634915497,nan,nan,nan,nan,0.9611113795230499,nan,0.7856372177889992,nan,nan,nan,0.8578705664766876,nan,nan,nan,0.7791832755699469,-0.0750441591196857,nan,nan,nan,nan,nan,nan,nan,nan,nan,nan,0.816543054757196,nan,nan,nan,nan,nan,nan,-0.08272435357862629,nan,nan,nan,nan,nan,-0.8055033009690229,0.9883063261693656,nan,nan,-0.8132265268648002,nan,0.9294105094704367,nan,0.05054439009847698,nan,0.7917007209753885,nan,nan,nan,nan,-0.0750441591196857,0.9631027084569361,0.9889950144605119,nan,0.9176232473113328,nan,-0.8018095690040755,nan,nan,0.7412883564215704,nan,nan
mdc_1361621b538bd930,nan,nan,nan,0.9492670709280102,nan,nan,nan,nan,0.7027560975805529,nan,1.0,-0.2378125539312384,nan,nan,0.9788419999307352,1.0,0.6829148022745093,0.9252706557292627,nan,nan,nan,nan,nan,-0.24182585707494966,0.7035086280552192,nan,0.8769090068455819,nan,nan,nan,nan,nan,0.753641487110966,nan,nan,nan,nan,nan,nan,nan,nan,nan,nan,nan,-0.2565459988549025,0.8155968619436822,nan,nan,nan,1.0,0.7009383226188831,-0.26776687848717995,nan,-0.17797161219099003,nan,nan,nan,nan,nan,nan,nan,nan,nan,nan,nan,nan,nan,nan,nan,nan,nan,nan,nan,nan,nan,-0.17797161219099003,0.9383944282877913,nan,nan,nan,nan,-0.26776687848717995,nan,nan,nan,-0.2079975564019993,nan,0.9786066842966556,nan,nan,-0.17797161219099003,nan,nan,nan,nan,nan,nan,nan,nan,0.9383944282877913,0.8155968619436822,0.7009383226188831,nan,nan,0.8155968619436822,nan,nan,nan,nan,nan,nan,nan,nan,nan,nan,nan,nan,nan,nan,nan,nan,nan,nan,nan,nan,nan,nan,0.8086618165202306,nan
mdc_1366eb063c96bd09,nan,nan,nan,-0.3253084175871804,nan,nan,nan,nan,0.14655225750841344,nan,-0.2378125539312384,1.0,nan,nan,-0.15795832316964914,-0.2378125539312384,0.3823486891345099,-0.10988425704753886,nan,nan,nan,nan,nan,0.8306232402599154,0.39767390294718913,nan,-0.25364880311543886,nan,nan,nan,nan,nan,0.345534766879535,nan,nan,nan,nan,nan,nan,nan,nan,nan,nan,nan,0.818914716017882,0.2613949419954963,nan,nan,nan,-0.2378125539312384,0.44470310170683747,0.9701991485093296,nan,0.8167254452226637,nan,nan,nan,nan,nan,nan,nan,nan,nan,nan,nan,nan,nan,nan,nan,nan,nan,nan,nan,nan,nan,0.8167254452226637,-0.13533412909122494,nan,nan,nan,nan,0.9701991485093296,nan,nan,nan,0.8220064463517771,nan,-0.17441592558327376,nan,nan,0.8167254452226637,nan,nan,nan,nan,nan,nan,nan,nan,-0.13533412909122494,0.2613949419954963,0.44470310170683747,nan,nan,0.2613949419954963,nan,nan,nan,nan,nan,nan,nan,nan,nan,nan,nan,nan,nan,nan,nan,nan,nan,nan,nan,nan,nan,nan,-0.22974903830246338,nan
mdc_179d84172c9dbb2d,nan,0.845976515273217,0.7052215741019149,nan,0.7751512444814832,0.8241745374136056,0.6569496812103507,0.8507659214263119,nan,nan,nan,nan,1.0,0.8472464790872676,nan,nan,nan,nan,0.8541348436277133,nan,0.6979962960988689,0.7705575098330992,0.7335384328163604,nan,nan,nan,nan,0.6688353353724946,nan,0.7094650539743765,nan,0.40046428998302774,nan,nan,nan,nan,0.8563230440055916,nan,0.8539632783932443,nan,nan,0.8356545168454899,0.888343538919128,nan,nan,nan,0.741570054689228,0.8408320839820478,0.8549204352927471,nan,nan,nan,0.9324480114253231,nan,nan,nan,0.6454140381124246,nan,0.6680937175366033,nan,0.8535769908137469,0.6994876216622269,nan,0.8615305375630422,0.8549204352927471,0.8028926285332719,0.6454140381124246,nan,0.7263560269753756,nan,0.8374012310812337,0.8674678843826017,0.7263560269753756,nan,0.7159344444779726,nan,nan,nan,nan,0.9156260668500279,0.9012209682823035,nan,0.2027542858207619,0.8495020690748741,0.8569890234101502,nan,0.6688353353724946,nan,0.8804771236995838,nan,nan,0.8148017537707367,0.9015189222725374,0.9324480114253231,0.6680937175366033,0.8813169068499676,nan,0.6721533195909927,0.846890545762869,nan,nan,nan,nan,nan,nan,0.6569496812103508,nan,0.7893464687072093,nan,0.8153893925036859,nan,0.7974061953627921,nan,0.6994876216622269,0.9015189222725374,0.8254464181960677,0.8813169068499676,nan,nan,nan,0.8477648399741509,nan,0.9094338860653965,nan,0.9056190205274297,0.7779579926313273,nan,nan,0.6171633715417213
mdc_17e3754562e88e01,nan,0.8738927258923994,0.7104817230976206,nan,0.7551618865154431,0.8196907689919811,0.670598335908787,0.8511598293314036,nan,nan,nan,nan,0.8472464790872676,0.9999999999999999,nan,nan,nan,nan,0.8498477647344973,nan,0.6191622101744888,0.8071123037282848,0.6697551403715403,nan,nan,nan,nan,0.6208108167771599,nan,0.6663626942473021,nan,0.5050209254468665,nan,nan,nan,nan,0.8527653750101344,nan,0.8529488554761103,nan,nan,0.9558405420096049,0.8754685064472083,nan,nan,nan,0.7342684665764535,0.8090049336344298,0.8175725009443138,nan,nan,nan,0.8696842439239638,nan,nan,nan,0.6024713237666741,nan,0.6101341506186639,nan,0.8422281079373367,0.7313308163754457,nan,0.8992850611661043,0.8175725009443138,0.7984355694723758,0.6024713237666741,nan,0.7490408971812712,nan,0.8748393436786704,0.8327677477990829,0.7490408971812712,nan,0.6329767556967911,nan,nan,nan,nan,0.8897272065262003,0.9104568290525966,nan,0.204668140452217,0.8092284221939576,0.9434549919616827,nan,0.6208108167771599,nan,0.8780570497843084,nan,nan,0.825182456693754,0.9058539685960708,0.8696842439239638,0.6101341506186639,0.8335114865160822,nan,0.6954186485028703,0.8425279429413082,nan,nan,nan,nan,nan,nan,0.670598335908787,nan,0.8002048634753218,nan,0.8585900114092277,nan,0.7985722883070424,nan,0.7313308163754457,0.9058539685960708,0.8124800021540095,0.8335114865160822,nan,nan,nan,0.9995529273768439,nan,0.8834715588355804,nan,0.8663929190204447,0.829632038504733,nan,nan,0.649620260227963
mdc_18a517e70fce1a2f,nan,nan,nan,0.958742232055828,nan,nan,nan,nan,0.7197365575126069,nan,0.9788419999307352,-0.15795832316964914,nan,nan,0.9999999999999999,0.9788419999307351,0.735858831448312,0.9271713531191976,nan,nan,nan,nan,nan,-0.2025834119990785,0.7609349282005861,nan,0.8909903099587765,nan,nan,nan,nan,nan,0.821376263233943,nan,nan,nan,nan,nan,nan,nan,nan,nan,nan,nan,-0.2177560193526505,0.8166613749420857,nan,nan,nan,0.9788419999307351,0.7199890067013369,-0.21770664257221603,nan,-0.14304848643632817,nan,nan,nan,nan,nan,nan,nan,nan,nan,nan,nan,nan,nan,nan,nan,nan,nan,nan,nan,nan,nan,-0.14304848643632817,0.9271505332925687,nan,nan,nan,nan,-0.21770664257221603,nan,nan,nan,-0.17062552659082666,nan,0.9900873983809029,nan,nan,-0.14304848643632817,nan,nan,nan,nan,nan,nan,nan,nan,0.9271505332925687,0.8166613749420857,0.7199890067013369,nan,nan,0.8166613749420857,nan,nan,nan,nan,nan,nan,nan,nan,nan,nan,nan,nan,nan,nan,nan,nan,nan,nan,nan,nan,nan,nan,0.815680184303169,nan
mdc_1a7ec2fadcbe5129,nan,nan,nan,0.9492670709280102,nan,nan,nan,nan,0.7027560975805529,nan,1.0,-0.2378125539312384,nan,nan,0.9788419999307351,1.0,0.6829148022745093,0.9252706557292627,nan,nan,nan,nan,nan,-0.24182585707494966,0.7035086280552192,nan,0.8769090068455819,nan,nan,nan,nan,nan,0.753641487110966,nan,nan,nan,nan,nan,nan,nan,nan,nan,nan,nan,-0.2565459988549025,0.8155968619436822,nan,nan,nan,1.0,0.7009383226188831,-0.26776687848717995,nan,-0.17797161219099003,nan,nan,nan,nan,nan,nan,nan,nan,nan,nan,nan,nan,nan,nan,nan,nan,nan,nan,nan,nan,nan,-0.17797161219099003,0.9383944282877913,nan,nan,nan,nan,-0.26776687848717995,nan,nan,nan,-0.2079975564019993,nan,0.9786066842966556,nan,nan,-0.17797161219099003,nan,nan,nan,nan,nan,nan,nan,nan,0.9383944282877913,0.8155968619436822,0.7009383226188831,nan,nan,0.8155968619436822,nan,nan,nan,nan,nan,nan,nan,nan,nan,nan,nan,nan,nan,nan,nan,nan,nan,nan,nan,nan,nan,nan,0.8086618165202306,nan
mdc_1a972c69566941d1,nan,nan,nan,0.6954521868428908,nan,nan,nan,nan,0.6438142979376509,nan,0.6829148022745093,0.3823486891345099,nan,nan,0.735858831448312,0.6829148022745093,1.0,0.8406241740272601,nan,nan,nan,nan,nan,0.10839153987824432,0.737311421903801,nan,0.7536836434852844,nan,nan,nan,nan,nan,0.76019648111638,nan,nan,nan,nan,nan,nan,nan,nan,nan,nan,nan,0.0836869058145401,0.6961979797753759,nan,nan,nan,0.6829148022745094,0.9231759263585647,0.31410681370709914,nan,0.11521731485750113,nan,nan,nan,nan,nan,nan,nan,nan,nan,nan,nan,nan,nan,nan,nan,nan,nan,nan,nan,nan,nan,0.11521731485750113,0.8085792605599614,nan,nan,nan,nan,0.31410681370709914,nan,nan,nan,0.11089671661525544,nan,0.7485870712775412,nan,nan,0.11521731485750113,nan,nan,nan,nan,nan,nan,nan,nan,0.8085792605599614,0.6961979797753759,0.9231759263585647,nan,nan,0.6961979797753759,nan,nan,nan,nan,nan,nan,nan,nan,nan,nan,nan,nan,nan,nan,nan,nan,nan,nan,nan,nan,nan,nan,0.7745474461256658,nan
mdc_1dc3c9761e80f81c,nan,nan,nan,0.9332283466050518,nan,nan,nan,nan,0.6383481631855761,nan,0.9252706557292627,-0.10988425704753886,nan,nan,0.9271713531191976,0.9252706557292627,0.8406241740272601,1.0,nan,nan,nan,nan,nan,-0.29129812241489655,0.6688365898119402,nan,0.9456965038240472,nan,nan,nan,nan,nan,0.7015046689715715,nan,nan,nan,nan,nan,nan,nan,nan,nan,nan,nan,-0.3006915059660541,0.6947286238805714,nan,nan,nan,0.9252706557292627,0.8119424562835293,-0.15894804032893078,nan,-0.2665740026828128,nan,nan,nan,nan,nan,nan,nan,nan,nan,nan,nan,nan,nan,nan,nan,nan,nan,nan,nan,nan,nan,-0.2665740026828128,0.9900825683832628,nan,nan,nan,nan,-0.15894804032893078,nan,nan,nan,-0.28155667529487516,nan,0.9490247942066661,nan,nan,-0.2665740026828128,nan,nan,nan,nan,nan,nan,nan,nan,0.9900825683832628,0.6947286238805714,0.8119424562835293,nan,nan,0.6947286238805714,nan,nan,nan,nan,nan,nan,nan,nan,nan,nan,nan,nan,nan,nan,nan,nan,nan,nan,nan,nan,nan,nan,0.924171937280438,nan
mdc_1fae6b535e8df13d,nan,0.9572960623751063,0.8290676809858514,nan,0.8798097877046237,0.9803172479142974,0.6232947363125437,0.9797472403568722,nan,nan,nan,nan,0.8541348436277133,0.8498477647344973,nan,nan,nan,nan,1.0,nan,0.7611425523380501,0.9325022052041901,0.8129885475983537,nan,nan,nan,nan,0.5645486970056539,nan,0.8231773395419051,nan,0.23259658996443772,nan,nan,nan,nan,0.9825558208450559,nan,0.9913945298322107,nan,nan,0.8219251838279652,0.8418669044689356,nan,nan,nan,0.733394862771484,0.9631762998096609,0.7498022743260184,nan,nan,nan,0.8471360913277093,nan,nan,nan,0.5553294281400011,nan,0.5502482057107143,nan,0.9899043654736367,0.6722040837968949,nan,0.8359346631473481,0.7498022743260184,0.956723250309193,0.5553294281400011,nan,0.7062267109690156,nan,0.789033338371033,0.8215243833233747,0.7062267109690156,nan,0.7995757494683754,nan,nan,nan,nan,0.8905474014159821,0.8982842008787512,nan,0.30747171346431945,0.9641627176214428,0.8633516515718554,nan,0.5645486970056539,nan,0.8566647716631556,nan,nan,0.977722233974429,0.889972971418397,0.8471360913277093,0.5502482057107143,0.7802523081361885,nan,0.8364899510614199,0.9881209343174208,nan,nan,nan,nan,nan,nan,0.6232947363125437,nan,0.9238475271926966,nan,0.7798350559911449,nan,0.9382952011654851,nan,0.6722040837968949,0.889972971418397,0.9655709157382392,0.7802523081361885,nan,nan,nan,0.8492411598803439,nan,0.8087541931735454,nan,0.7871766287086364,0.828156912155522,nan,nan,0.7410654312404845
mdc_2107f1ec01dfce72,0.9027825703463432,nan,nan,nan,nan,nan,nan,nan,nan,0.962762462939761,nan,nan,nan,nan,nan,nan,nan,nan,nan,0.9999999999999999,nan,nan,nan,nan,nan,-0.7637819272529749,nan,nan,-0.10273831123473244,nan,0.9947139359827368,nan,nan,-0.03516413370322499,0.9372334496853664,0.8857692445025008,nan,0.24091599968894475,nan,0.7590362567508138,-0.07558917302599946,nan,nan,0.9154319071380055,nan,nan,nan,nan,nan,nan,nan,nan,nan,nan,0.800741219945025,0.822653026161432,nan,0.84958324289979,nan,0.94347719701281,nan,nan,0.939593165477038,nan,nan,nan,nan,0.9160603579890456,nan,0.822653026161432,nan,nan,nan,0.8323898982319712,nan,nan,nan,0.8407587012026895,-0.0021666464917649555,nan,nan,nan,nan,nan,nan,nan,nan,nan,nan,0.76394686295528,nan,nan,nan,nan,nan,nan,0.0062428284832108435,nan,nan,nan,nan,nan,-0.7601148928372125,0.9825787840351536,nan,nan,-0.7637819272529749,nan,0.8772584782482556,nan,0.15178307181344863,nan,0.8362921164655951,nan,nan,nan,nan,-0.0021666464917649555,0.9038671283166845,0.9820180372068573,nan,0.8902489153438002,nan,-0.7533812471306509,nan,nan,0.6164171475143617,nan,nan
mdc_23468deffc77a94a,nan,0.7333362411515066,0.5734312007825286,nan,0.6657426740566265,0.7288546302539807,0.3679556876378447,0.7236926541307953,nan,nan,nan,nan,0.6979962960988689,0.6191622101744888,nan,nan,nan,nan,0.7611425523380501,nan,0.9999999999999999,0.7301400026446563,0.9292126070113857,nan,nan,nan,nan,0.39227601217804553,nan,0.6845784364105534,nan,0.004551906106929775,nan,nan,nan,nan,0.7512177712558935,nan,0.7531723073971002,nan,nan,0.6157266535529595,0.6709696151549959,nan,nan,nan,0.6704086865604153,0.7120717173082709,0.551766790314732,nan,nan,nan,0.6800942322312016,nan,nan,nan,0.35648730778363974,nan,0.4062558454783181,nan,0.7477168637333304,0.41068154684609964,nan,0.6465033058252415,0.551766790314732,0.7581641691854148,0.35648730778363974,nan,0.47902644907458597,nan,0.5588165486164134,0.6318462809161729,0.47902644907458597,nan,0.9487295466090371,nan,nan,nan,nan,0.7180821393042826,0.6986425565259144,nan,0.25890034420078545,0.7408533385818669,0.6551793360556251,nan,0.39227601217804553,nan,0.6674147144878227,nan,nan,0.7488392048968451,0.6942039745407468,0.6800942322312016,0.4062558454783181,0.5890355915972212,nan,0.559993564844574,0.7617214694066295,nan,nan,nan,nan,nan,nan,0.3679556876378447,nan,0.7353660907617481,nan,0.5656011909808465,nan,0.7054703402099172,nan,0.41068154684609964,0.6942039745407468,0.7244790088580962,0.5890355915972212,nan,nan,nan,0.6192982829797959,nan,0.668466091643407,nan,0.6640208008334552,0.7070040168443881,nan,nan,0.6836793992294606
mdc_251595cbee25d1fd,nan,0.9217763189497586,0.7548475751272021,nan,0.8147290067061098,0.9277359484938346,0.4916698535219596,0.9029102948288427,nan,nan,nan,nan,0.7705575098330992,0.8071123037282848,nan,nan,nan,nan,0.9325022052041901,nan,0.7301400026446563,0.9999999999999999,0.7933348353081625,nan,nan,nan,nan,0.4552976175142618,nan,0.8106172649893587,nan,0.213220678714893,nan,nan,nan,nan,0.9190300944371644,nan,0.9304712666325663,nan,nan,0.7708981754020956,0.7828058982981492,nan,nan,nan,0.711425979352236,0.8983796926170684,0.7120059742679953,nan,nan,nan,0.7868350891094099,nan,nan,nan,0.47423549660301534,nan,0.4455337849039749,nan,0.9376815208690908,0.5735603217160934,nan,0.7695663700393904,0.7120059742679953,0.9686415633105331,0.47423549660301534,nan,0.6054970838113906,nan,0.7335727385460052,0.7441898396558261,0.6054970838113906,nan,0.76239980686397,nan,nan,nan,nan,0.8352979370227382,0.8350925556936436,nan,0.39345008369843326,0.8916134276902412,0.7987520119945168,nan,0.4552976175142618,nan,0.7909252853569597,nan,nan,0.9457408012836841,0.8370978420740396,0.7868350891094099,0.4455337849039749,0.7381922125392743,nan,0.7522308142496709,0.9467220539379598,nan,nan,nan,nan,nan,nan,0.4916698535219595,nan,0.866477190550938,nan,0.6990142084273936,nan,0.8764030758632098,nan,0.5735603217160934,0.8370978420740396,0.907134615794114,0.7381922125392743,nan,nan,nan,0.8065122382718904,nan,0.7381795956518066,nan,0.7244404273548829,0.7764455061351387,nan,nan,0.8272790444014559
mdc_2b091782d352444b,nan,0.787228552675319,0.6187745357652022,nan,0.704836087860192,0.7894710515834138,0.40324760415489913,0.7787654557403066,nan,nan,nan,nan,0.7335384328163604,0.6697551403715403,nan,nan,nan,nan,0.8129885475983537,nan,0.9292126070113857,0.7933348353081625,1.0,nan,nan,nan,nan,0.42557922043063656,nan,0.6919322028803033,nan,0.07419431546507162,nan,nan,nan,nan,0.8021137438723736,nan,0.804984023938713,nan,nan,0.6598650065932807,0.7196896033976794,nan,nan,nan,0.6679785809728132,0.7720588577753267,0.6104366747899386,nan,nan,nan,0.7300036363146604,nan,nan,nan,0.3967414970148854,nan,0.4253627283133788,nan,0.8016925410223127,0.44586100398949097,nan,0.6846805886109826,0.6104366747899386,0.8094692857058127,0.3967414970148854,nan,0.4964046891543609,nan,0.6130358593840368,0.6937895646636425,0.4964046891543609,nan,0.9530401449066412,nan,nan,nan,nan,0.7743530167639902,0.7556293084162227,nan,0.26268613496209053,0.7929048408303813,0.6946954459023433,nan,0.42557922043063656,nan,0.7183865474735104,nan,nan,0.7953988716163279,0.7523641986587752,0.7300036363146604,0.4253627283133788,0.650770720943087,nan,0.5932169804665102,0.8129224591347701,nan,nan,nan,nan,nan,nan,0.4032476041548992,nan,0.7701058458019393,nan,0.5954041422496895,nan,0.7446901566333061,nan,0.44586100398949097,0.7523641986587752,0.7759182957200433,0.650770720943087,nan,nan,nan,0.6690070875248857,nan,0.7056739548608364,nan,0.695404707715513,0.7434627780026202,nan,nan,0.7182236234097366
mdc_2c0edd3b5a69ca83,nan,nan,nan,-0.40225772214940947,nan,nan,nan,nan,0.20045449290808426,nan,-0.24182585707494966,0.8306232402599154,nan,nan,-0.2025834119990785,-0.24182585707494966,0.10839153987824432,-0.29129812241489655,nan,nan,nan,nan,nan,1.0,0.4042245381821085,nan,-0.45363435270917407,nan,nan,nan,nan,nan,0.3301644992340424,nan,nan,nan,nan,nan,nan,nan,nan,nan,nan,nan,0.9769014304011552,0.340959012597806,nan,nan,nan,-0.24182585707494964,0.2052262013231238,0.8392911574380729,nan,0.9583176196274549,nan,nan,nan,nan,nan,nan,nan,nan,nan,nan,nan,nan,nan,nan,nan,nan,nan,nan,nan,nan,nan,0.9583176196274549,-0.3134058167256663,nan,nan,nan,nan,0.8392911574380729,nan,nan,nan,0.9804299286424193,nan,-0.2322657552019032,nan,nan,0.9583176196274549,nan,nan,nan,nan,nan,nan,nan,nan,-0.3134058167256663,0.340959012597806,0.2052262013231238,nan,nan,0.340959012597806,nan,nan,nan,nan,nan,nan,nan,nan,nan,nan,nan,nan,nan,nan,nan,nan,nan,nan,nan,nan,nan,nan,-0.44998660867484574,nan
mdc_2e0b10ec18fb4d65,nan,nan,nan,0.6157725754261579,nan,nan,nan,nan,0.7955679067249362,nan,0.7035086280552192,0.39767390294718913,nan,nan,0.7609349282005861,0.7035086280552192,0.737311421903801,0.6688365898119402,nan,nan,nan,nan,nan,0.4042245381821085,1.0,nan,0.5586698432297669,nan,nan,nan,nan,nan,0.9619244877077093,nan,nan,nan,nan,nan,nan,nan,nan,nan,nan,nan,0.38944904879087633,0.8909559310621823,nan,nan,nan,0.7035086280552192,0.7967707499366549,0.33876137431038295,nan,0.41420415095352625,nan,nan,nan,nan,nan,nan,nan,nan,nan,nan,nan,nan,nan,nan,nan,nan,nan,nan,nan,nan,nan,0.41420415095352625,0.6544990292687997,nan,nan,nan,nan,0.33876137431038295,nan,nan,nan,0.4217840458116178,nan,0.747825813892681,nan,nan,0.41420415095352625,nan,nan,nan,nan,nan,nan,nan,nan,0.6544990292687997,0.8909559310621823,0.7967707499366549,nan,nan,0.8909559310621823,nan,nan,nan,nan,nan,nan,nan,nan,nan,nan,nan,nan,nan,nan,nan,nan,nan,nan,nan,nan,nan,nan,0.45224686000181136,nan
mdc_36eb8ebeca066850,-0.4258529176078539,nan,nan,nan,nan,nan,nan,nan,nan,-0.8132265268648002,nan,nan,nan,nan,nan,nan,nan,nan,nan,-0.7637819272529749,nan,nan,nan,nan,nan,1.0,nan,nan,0.5715492528288816,nan,-0.7663307824254492,nan,nan,0.6045919108510011,-0.8038267695577981,-0.7230015609942377,nan,-0.026335426379273823,nan,-0.6366936205598495,-0.8402723745002095,nan,nan,-0.669787348348944,nan,nan,nan,nan,nan,nan,nan,nan,nan,nan,-0.19082513544870017,-0.17515914796271562,nan,-0.8213921530671058,nan,-0.8235366491891531,nan,nan,-0.807689873522452,nan,nan,nan,nan,-0.8075791132223515,nan,-0.17515914796271562,nan,nan,nan,-0.6731128216577511,nan,nan,nan,-0.3535868103557247,0.6375917858355364,nan,nan,nan,nan,nan,nan,nan,nan,nan,nan,-0.4877132333050195,nan,nan,nan,nan,nan,nan,0.42519407170148105,nan,nan,nan,nan,nan,0.9518965960473301,-0.8196533660962296,nan,nan,1.0,nan,-0.7218971377164748,nan,0.4520736546681852,nan,-0.29449313935531796,nan,nan,nan,nan,0.6375917858355364,-0.8294344775125844,-0.8185177525188165,nan,-0.7627383474870654,nan,0.9810446061281473,nan,nan,-0.7994299500139231,nan,nan
mdc_37f41d7a7f1340c7,nan,nan,nan,0.9496507618307496,nan,nan,nan,nan,0.5734607680443551,nan,0.8769090068455819,-0.25364880311543886,nan,nan,0.8909903099587765,0.8769090068455819,0.7536836434852844,0.9456965038240472,nan,nan,nan,nan,nan,-0.45363435270917407,0.5586698432297669,nan,1.0,nan,nan,nan,nan,nan,0.6163807583482428,nan,nan,nan,nan,nan,nan,nan,nan,nan,nan,nan,-0.44309293829591223,0.5588265637811192,nan,nan,nan,0.8769090068455819,0.6699560995019398,-0.319743643784451,nan,-0.4220098265258313,nan,nan,nan,nan,nan,nan,nan,nan,nan,nan,nan,nan,nan,nan,nan,nan,nan,nan,nan,nan,nan,-0.4220098265258313,0.937814331928761,nan,nan,nan,nan,-0.319743643784451,nan,nan,nan,-0.42415400798421593,nan,0.9138981658997767,nan,nan,-0.4220098265258313,nan,nan,nan,nan,nan,nan,nan,nan,0.937814331928761,0.5588265637811192,0.6699560995019398,nan,nan,0.5588265637811192,nan,nan,nan,nan,nan,nan,nan,nan,nan,nan,nan,nan,nan,nan,nan,nan,nan,nan,nan,nan,nan,nan,0.9453658289438591,nan
mdc_391cba888651d8d3,nan,0.6052064535733024,0.4760746854136525,nan,0.5380367663750144,0.556714076187645,0.9008813730449761,0.5969611759952569,nan,nan,nan,nan,0.6688353353724946,0.6208108167771599,nan,nan,nan,nan,0.5645486970056539,nan,0.39227601217804553,0.4552976175142618,0.42557922043063656,nan,nan,nan,nan,0.9999999999999999,nan,0.35996427324254404,nan,0.419627524042389,nan,nan,nan,nan,0.6079080871697607,nan,0.5821867921063189,nan,nan,0.6359503618275252,0.6677427735278949,nan,nan,nan,0.44608151065420265,0.575467533032762,0.6447150917143807,nan,nan,nan,0.6524012690724491,nan,nan,nan,0.950666715537078,nan,0.9744093913571135,nan,0.5803009547053262,0.8714946360629127,nan,0.6923097961824155,0.6447150917143807,0.5279193359215898,0.950666715537078,nan,0.833938381525874,nan,0.672613584557996,0.6666148248495397,0.833938381525874,nan,0.3960945395329955,nan,nan,nan,nan,0.6432473033861936,0.6473953874303899,nan,0.13297505025626488,0.5993258423969079,0.6811088754801902,nan,0.9999999999999999,nan,0.6684660201291527,nan,nan,0.5299981646334383,0.6418309960547048,0.6524012690724491,0.9744093913571135,0.658782242959838,nan,0.6682924898959864,0.5752778298834216,nan,nan,nan,nan,nan,nan,0.900881373044976,nan,0.5467589283628357,nan,0.6860409014221635,nan,0.5200058147631378,nan,0.8714946360629127,0.6418309960547048,0.596436941718595,0.658782242959838,nan,nan,nan,0.6206268816978963,nan,0.7008597104838779,nan,0.7243123171418028,0.5679445075321332,nan,nan,0.28633935873124533
mdc_3a857f4b8a3e3588,0.1146999921509051,nan,nan,nan,nan,nan,nan,nan,nan,-0.16423727315976608,nan,nan,nan,nan,nan,nan,nan,nan,nan,-0.10273831123473244,nan,nan,nan,nan,nan,0.5715492528288816,nan,nan,1.0,nan,-0.1060509085848597,nan,nan,0.8649336975993122,-0.1386195491172251,-0.24836454501458494,nan,-0.021404827455134987,nan,-0.08823746923503575,-0.3301974240429718,nan,nan,0.014937370555945913,nan,nan,nan,nan,nan,nan,nan,nan,nan,nan,0.3684754805154099,0.31261720561095846,nan,-0.21452737834917684,nan,-0.19355401001187142,nan,nan,-0.14480335118684665,nan,nan,nan,nan,-0.1344170507447646,nan,0.31261720561095846,nan,nan,nan,-0.13978933532203894,nan,nan,nan,0.30826992730100095,0.6873639301929297,nan,nan,nan,nan,nan,nan,nan,nan,nan,nan,0.12662467097706478,nan,nan,nan,nan,nan,nan,0.8586984845175251,nan,nan,nan,nan,nan,0.615841342127585,-0.17905826888675827,nan,nan,0.5715492528288816,nan,-0.09437573123301335,nan,0.801155028781049,nan,0.30859999918900044,nan,nan,nan,nan,0.6873639301929297,-0.18638621539078284,-0.17582664144366975,nan,-0.2515194337237905,nan,0.6108979087534915,nan,nan,-0.3285095817750002,nan,nan
mdc_3bdd527ed80d98c6,nan,0.7693289077299342,0.6648962088501479,nan,0.699935489979302,0.808658889318424,0.39660274114077154,0.7802177590942113,nan,nan,nan,nan,0.7094650539743765,0.6663626942473021,nan,nan,nan,nan,0.8231773395419051,nan,0.6845784364105534,0.8106172649893587,0.6919322028803033,nan,nan,nan,nan,0.35996427324254404,nan,1.0,nan,0.12995089204712829,nan,nan,nan,nan,0.7978654164312573,nan,0.8194675533489053,nan,nan,0.6344253902963691,0.6755015547485834,nan,nan,nan,0.7826731420948497,0.7939530062785964,0.5946256659565086,nan,nan,nan,0.7043663780373275,nan,nan,nan,0.36270746875869053,nan,0.34357219328082766,nan,0.8111451643011679,0.46908019052692373,nan,0.647428159779383,0.5946256659565086,0.8043512909381123,0.36270746875869053,nan,0.5241035889738573,nan,0.6283930082717784,0.644955990081028,0.5241035889738573,nan,0.6766026373465717,nan,nan,nan,nan,0.7250963556568316,0.7149028701089138,nan,0.3297333475585606,0.7669421909036613,0.6780092099272632,nan,0.35996427324254404,nan,0.6493747736026764,nan,nan,0.8223724796680416,0.7066573764600915,0.7043663780373275,0.34357219328082766,0.6378303928912915,nan,0.6522147454425127,0.8176499475949698,nan,nan,nan,nan,nan,nan,0.39660274114077154,nan,0.8165908123137038,nan,0.6108346814856721,nan,0.7766332882569414,nan,0.46908019052692373,0.7066573764600915,0.7841570131762865,0.6378303928912915,nan,nan,nan,0.6656422660687599,nan,0.6353322718189778,nan,0.6037357359521554,0.6887366495285306,nan,nan,0.7112838392663104
mdc_3e4fc9dc6dcf546a,0.9038023448047844,nan,nan,nan,nan,nan,nan,nan,nan,0.9755788098844115,nan,nan,nan,nan,nan,nan,nan,nan,nan,0.9947139359827368,nan,nan,nan,nan,nan,-0.7663307824254492,nan,nan,-0.1060509085848597,nan,0.9999999999999999,nan,nan,-0.03890380619370754,0.9517607649434418,0.8867221589464633,nan,0.2352102513215271,nan,0.784558309407811,-0.0635638958669396,nan,nan,0.937169624116758,nan,nan,nan,nan,nan,nan,nan,nan,nan,nan,0.7980708052066863,0.8197396658697979,nan,0.8627896243805909,nan,0.9528060459152363,nan,nan,0.9570142798364575,nan,nan,nan,nan,0.9319238186711815,nan,0.8197396658697979,nan,nan,nan,0.8313167738837384,nan,nan,nan,0.8388964247356594,-0.006733417156175733,nan,nan,nan,nan,nan,nan,nan,nan,nan,nan,0.7807943495806433,nan,nan,nan,nan,nan,nan,0.004730203715892975,nan,nan,nan,nan,nan,-0.7626423779888193,0.9933000946968223,nan,nan,-0.7663307824254492,nan,0.8975389607248628,nan,0.14974969321134474,nan,0.8346933075504428,nan,nan,nan,nan,-0.006733417156175733,0.924633839177126,0.9908704960285953,nan,0.8901082124205569,nan,-0.7561121324804924,nan,nan,0.6497002913329938,nan,nan
mdc_3ed979ee7d9dabe6,nan,0.29973694316459903,0.21961252025224093,nan,0.20499478713899358,0.22558245292416804,0.4429697335837915,0.2700920103815403,nan,nan,nan,nan,0.40046428998302774,0.5050209254468665,nan,nan,nan,nan,0.23259658996443772,nan,0.004551906106929775,0.213220678714893,0.07419431546507162,nan,nan,nan,nan,0.419627524042389,nan,0.12995089204712829,nan,0.9999999999999999,nan,nan,nan,nan,0.2615803365122469,nan,0.23789037524325915,nan,nan,0.5563200365958814,0.4731279549795811,nan,nan,nan,0.3095152435834145,0.25077755668055685,0.4801957142691218,nan,nan,nan,0.40339125184017616,nan,nan,nan,0.4338084572941704,nan,0.4401634566698091,nan,0.24541317709096988,0.4555238646673702,nan,0.447234657887303,0.4801957142691218,0.20309774211465365,0.4338084572941704,nan,0.4523491105215815,nan,0.4740546325083165,0.41889688063541336,0.4523491105215815,nan,0.025112534582539637,nan,nan,nan,nan,0.40644078711690396,0.45362977393954035,nan,-0.08767390287549263,0.23156990692792465,0.4718602481213847,nan,0.419627524042389,nan,0.46138770851485134,nan,nan,0.22925620652590203,0.4461005600914498,0.40339125184017616,0.4401634566698091,0.460502216849641,nan,0.18266404532597702,0.23550754316393882,nan,nan,nan,nan,nan,nan,0.4429697335837915,nan,0.2623772425261619,nan,0.46161794006281615,nan,0.2060293011528431,nan,0.4555238646673702,0.4461005600914498,0.22032257765206106,0.460502216849641,nan,nan,nan,0.5053036920760783,nan,0.46566262343603376,nan,0.47852662085645137,0.3963754705306557,nan,nan,0.12657746191244423
mdc_41a8bba213046a30,nan,nan,nan,0.6789297569688231,nan,nan,nan,nan,0.7784196869769745,nan,0.753641487110966,0.345534766879535,nan,nan,0.821376263233943,0.753641487110966,0.76019648111638,0.7015046689715715,nan,nan,nan,nan,nan,0.3301644992340424,0.9619244877077093,nan,0.6163807583482428,nan,nan,nan,nan,nan,1.0,nan,nan,nan,nan,nan,nan,nan,nan,nan,nan,nan,0.32211465072349155,0.9107462273079477,nan,nan,nan,0.753641487110966,0.7854462619213666,0.2678573088850284,nan,0.3694016047187196,nan,nan,nan,nan,nan,nan,nan,nan,nan,nan,nan,nan,nan,nan,nan,nan,nan,nan,nan,nan,nan,0.3694016047187196,0.6875538794915521,nan,nan,nan,nan,0.2678573088850284,nan,nan,nan,0.35795061603144673,nan,0.7942319291433686,nan,nan,0.3694016047187196,nan,nan,nan,nan,nan,nan,nan,nan,0.6875538794915521,0.9107462273079477,0.7854462619213666,nan,nan,0.9107462273079477,nan,nan,nan,nan,nan,nan,nan,nan,nan,nan,nan,nan,nan,nan,nan,nan,nan,nan,nan,nan,nan,nan,0.5021979411021542,nan
mdc_44fec92ec4fa360c,0.27034069110210657,nan,nan,nan,nan,nan,nan,nan,nan,-0.09969928575680641,nan,nan,nan,nan,nan,nan,nan,nan,nan,-0.03516413370322499,nan,nan,nan,nan,nan,0.6045919108510011,nan,nan,0.8649336975993122,nan,-0.03890380619370754,nan,nan,0.9999999999999998,-0.07362140769695218,-0.16347344416895368,nan,0.1602669153528993,nan,0.005051241988388947,-0.234697524573105,nan,nan,0.04415596012298719,nan,nan,nan,nan,nan,nan,nan,nan,nan,nan,0.5181477572509839,0.48421292765277063,nan,-0.14850535648023044,nan,-0.1261883198686752,nan,nan,-0.07719875111360612,nan,nan,nan,nan,-0.1052196363702895,nan,0.48421292765277063,nan,nan,nan,-0.08097158290246187,nan,nan,nan,0.39477953134800503,0.8472291132810278,nan,nan,nan,nan,nan,nan,nan,nan,nan,nan,0.18965074564091317,nan,nan,nan,nan,nan,nan,0.6886410958548191,nan,nan,nan,nan,nan,0.5986360460268075,-0.11127139191248078,nan,nan,0.6045919108510011,nan,-0.048139540389494924,nan,0.6646467922980924,nan,0.4455313459321363,nan,nan,nan,nan,0.8472291132810278,-0.1264417711360568,-0.1069417962122464,nan,-0.1545950159863137,nan,0.6202517900443318,nan,nan,-0.31259385281753793,nan,nan
mdc_46d2c3136b8beeb4,0.8655047088169933,nan,nan,nan,nan,nan,nan,nan,nan,0.9824470140279395,nan,nan,nan,nan,nan,nan,nan,nan,nan,0.9372334496853664,nan,nan,nan,nan,nan,-0.8038267695577981,nan,nan,-0.1386195491172251,nan,0.9517607649434418,nan,nan,-0.07362140769695218,1.0,0.8861671365469502,nan,0.2933377303194669,nan,0.8532766201374892,0.1869017959543798,nan,nan,0.9634598294612173,nan,nan,nan,nan,nan,nan,nan,nan,nan,nan,0.7773474848550398,0.7924215724388827,nan,0.9550017222332614,nan,0.9886923687410266,nan,nan,0.9891119795799436,nan,nan,nan,nan,0.9716460530557715,nan,0.7924215724388827,nan,nan,nan,0.8629601577005208,nan,nan,nan,0.8155956802405973,-0.06139318302717792,nan,nan,nan,nan,nan,nan,nan,nan,nan,nan,0.8434544207947136,nan,nan,nan,nan,nan,nan,-0.05598684370173969,nan,nan,nan,nan,nan,-0.7969742487075203,0.9708109328345971,nan,nan,-0.8038267695577981,nan,0.9415300768075052,nan,0.08564349073876876,nan,0.8069890705348214,nan,nan,nan,nan,-0.06139318302717792,0.9829426687284779,0.9762536651749391,nan,0.9058019494572289,nan,-0.7867808914402697,nan,nan,0.7878052055907394,nan,nan
mdc_477bddd87893a8d5,0.777647617042372,nan,nan,nan,nan,nan,nan,nan,nan,0.9037515324346926,nan,nan,nan,nan,nan,nan,nan,nan,nan,0.8857692445025008,nan,nan,nan,nan,nan,-0.7230015609942377,nan,nan,-0.24836454501458494,nan,0.8867221589464633,nan,nan,-0.16347344416895368,0.8861671365469502,1.0,nan,0.3238714817929925,nan,0.73469637779892,0.8661205035975506,nan,nan,0.7852228946950763,nan,nan,nan,nan,nan,nan,nan,nan,nan,nan,0.6717757399584847,0.6942791009417298,nan,0.876199007583929,nan,0.8990018785225844,nan,nan,0.8866616630552571,nan,nan,nan,nan,0.8881713070527764,nan,0.6942791009417298,nan,nan,nan,0.9011834214169245,nan,nan,nan,0.7143444466381796,-0.016818814349876338,nan,nan,nan,nan,nan,nan,nan,nan,nan,nan,0.6555994620235259,nan,nan,nan,nan,nan,nan,-0.20902549153682373,nan,nan,nan,nan,nan,-0.7889720308058517,0.9077035582003734,nan,nan,-0.7230015609942377,nan,0.8840429449800028,nan,-0.13971443281374418,nan,0.736539306144387,nan,nan,nan,nan,-0.016818814349876338,0.9085110159418862,0.904105261207862,nan,0.9501053129319061,nan,-0.7551168099294817,nan,nan,0.8380046882181721,nan,nan
mdc_485790eb68bebcd9,nan,0.9648126389618368,0.811096116195674,nan,0.8645984958819064,0.9657763302184693,0.6665505917592375,0.9701329911573291,nan,nan,nan,nan,0.8563230440055916,0.8527653750101344,nan,nan,nan,nan,0.9825558208450559,nan,0.7512177712558935,0.9190300944371644,0.8021137438723736,nan,nan,nan,nan,0.6079080871697607,nan,0.7978654164312573,nan,0.2615803365122469,nan,nan,nan,nan,0.9999999999999999,nan,0.986620066856654,nan,nan,0.8303439029449399,0.8487120705504282,nan,nan,nan,0.734050439991546,0.9517753042991892,0.7622865485430285,nan,nan,nan,0.8492725485069132,nan,nan,nan,0.5919735986173166,nan,0.5942662573138151,nan,0.977201076680094,0.7153613025417174,nan,0.8476191709695027,0.7622865485430285,0.9492287273112014,0.5919735986173166,nan,0.7374175272122437,nan,0.7912218524799381,0.8204707133655754,0.7374175272122437,nan,0.7902331616387578,nan,nan,nan,nan,0.8925888177766671,0.8982363257873082,nan,0.32804312310117417,0.9521783263356198,0.866490422481629,nan,0.6079080871697607,nan,0.8513806335259599,nan,nan,0.961712526855412,0.8903190721520599,0.8492725485069132,0.5942662573138151,0.7908083120799259,nan,0.8439218985477106,0.9756081554985432,nan,nan,nan,nan,nan,nan,0.6665505917592375,nan,0.9135192315258057,nan,0.798895804966268,nan,0.92394843922986,nan,0.7153613025417174,0.8903190721520599,0.954477387867717,0.7908083120799259,nan,nan,nan,0.8523576056582597,nan,0.8163821051494724,nan,0.7994422970795663,0.8299061240393687,nan,nan,0.7192820893723075
mdc_4992167889db9b2e,0.32536343675131396,nan,nan,nan,nan,nan,nan,nan,nan,0.2666938647274198,nan,nan,nan,nan,nan,nan,nan,nan,nan,0.24091599968894475,nan,nan,nan,nan,nan,-0.026335426379273823,nan,nan,-0.021404827455134987,nan,0.2352102513215271,nan,nan,0.1602669153528993,0.2933377303194669,0.3238714817929925,nan,1.0,nan,0.1334426902759572,0.30202835058478966,nan,nan,0.35425956717880097,nan,nan,nan,nan,nan,nan,nan,nan,nan,nan,0.4278424203399462,0.43061494220486213,nan,0.22560196226815027,nan,0.26110918374532704,nan,nan,0.28994120024593667,nan,nan,nan,nan,0.16093532939484642,nan,0.43061494220486213,nan,nan,nan,0.35868100352251986,nan,nan,nan,0.38488039629509135,0.3165431280293337,nan,nan,nan,nan,nan,nan,nan,nan,nan,nan,0.29932606564444814,nan,nan,nan,nan,nan,nan,-0.07488286765309798,nan,nan,nan,nan,nan,-0.13517151656691612,0.28190397351116037,nan,nan,-0.026335426379273826,nan,0.29321900941200557,nan,-0.03072025072424542,nan,0.41087696487904446,nan,nan,nan,nan,0.3165431280293337,0.26203606877801205,0.2855463562097269,nan,0.32672853118094713,nan,-0.024456457919763523,nan,nan,0.3466509692621732,nan,nan
mdc_49cc9ddd19f8d982,nan,0.9623031214727685,0.8153526773022071,nan,0.8715990414411576,0.9730161895902978,0.6412847297303258,0.9762497383285145,nan,nan,nan,nan,0.8539632783932443,0.8529488554761103,nan,nan,nan,nan,0.9913945298322107,nan,0.7531723073971002,0.9304712666325663,0.804984023938713,nan,nan,nan,nan,0.5821867921063189,nan,0.8194675533489053,nan,0.23789037524325915,nan,nan,nan,nan,0.986620066856654,nan,0.9999999999999999,nan,nan,0.8223847192937698,0.8419555741319422,nan,nan,nan,0.7360752555077356,0.9597946265442355,0.7529691294774167,nan,nan,nan,0.8457939946834314,nan,nan,nan,0.5662695555717813,nan,0.5672821194922366,nan,0.9836886549441948,0.6894580507626272,nan,0.8419928963734591,0.7529691294774167,0.9563323030767494,0.5662695555717813,nan,0.7183154393325719,nan,0.7908931031047142,0.8238175501749818,0.7183154393325719,nan,0.7928232778350499,nan,nan,nan,nan,0.8869063624491941,0.8921900266270646,nan,0.31965815351846055,0.9566467174269107,0.8653586500235427,nan,0.582186792106319,nan,0.8539620068354317,nan,nan,0.9739162826523887,0.8842916986363316,0.8457939946834314,0.5672821194922366,0.7877103237330814,nan,0.8421332336236584,0.9843766123600451,nan,nan,nan,nan,nan,nan,0.6412847297303258,nan,0.920058823672081,nan,0.791295783305941,nan,0.9325205646912746,nan,0.6894580507626272,0.8842916986363316,0.9616922980025545,0.7877103237330814,nan,nan,nan,0.8525587707386854,nan,0.808946929463595,nan,0.7872182398147364,0.8245049461366212,nan,nan,0.7355284873150841
mdc_49f926d52969ca20,0.8874478171866447,nan,nan,nan,nan,nan,nan,nan,nan,0.8232384286170343,nan,nan,nan,nan,nan,nan,nan,nan,nan,0.7590362567508138,nan,nan,nan,nan,nan,-0.6366936205598495,nan,nan,-0.08823746923503575,nan,0.784558309407811,nan,nan,0.005051241988388947,0.8532766201374892,0.73469637779892,nan,0.1334426902759572,nan,1.0,0.3608519756432461,nan,nan,0.8158427193847175,nan,nan,nan,nan,nan,nan,nan,nan,nan,nan,0.6955177779546556,0.6985917693137957,nan,0.8429240349982396,nan,0.8352698177154754,nan,nan,0.8530972972001332,nan,nan,nan,nan,0.8303454836665725,nan,0.6985917693137957,nan,nan,nan,0.670759005572636,nan,nan,nan,0.766330326467763,0.00852599081423475,nan,nan,nan,nan,nan,nan,nan,nan,nan,nan,0.9452159677200906,nan,nan,nan,nan,nan,nan,0.016799889267371346,nan,nan,nan,nan,nan,-0.6170932910161674,0.8012627293140007,nan,nan,-0.6366936205598495,nan,0.8420138288549834,nan,0.14801914102254804,nan,0.7535787768611417,nan,nan,nan,nan,0.00852599081423475,0.8779687604413778,0.8043036640075432,nan,0.7374159156548047,nan,-0.6199894243375934,nan,nan,0.7630139850188655,nan,nan
mdc_4a9fea41ca5fb263,0.7495165703504524,nan,nan,nan,nan,nan,nan,nan,nan,0.07168081017628125,nan,nan,nan,nan,nan,nan,nan,nan,nan,-0.07558917302599946,nan,nan,nan,nan,nan,-0.8402723745002095,nan,nan,-0.3301974240429718,nan,-0.0635638958669396,nan,nan,-0.234697524573105,0.1869017959543798,0.8661205035975506,nan,0.30202835058478966,nan,0.3608519756432461,1.0,nan,nan,0.1473110877923764,nan,nan,nan,nan,nan,nan,nan,nan,nan,nan,0.6435012936703096,0.6794304801777686,nan,0.3435300267332663,nan,0.1765941614649598,nan,nan,0.15555304694736188,nan,nan,nan,nan,0.15775010516822102,nan,0.6794304801777686,nan,nan,nan,0.7824218126635497,nan,nan,nan,0.6784117795896676,-0.18417032055020077,nan,nan,nan,nan,nan,nan,nan,nan,nan,nan,0.3592022144866503,nan,nan,nan,nan,nan,nan,-0.25135591682888153,nan,nan,nan,nan,nan,-0.8441793910872889,-0.009249358773113583,nan,nan,-0.8402723745002096,nan,0.19870415634486543,nan,-0.08093379172430647,nan,0.6781601395562483,nan,nan,nan,nan,-0.18417032055020077,0.25123789222177767,0.015962120753078488,nan,0.8539240058270425,nan,-0.831428272002526,nan,nan,0.45721753120562586,nan,nan
mdc_4b222749aeece7d2,nan,0.8500699794187794,0.6693048787603839,nan,0.7198838769633864,0.7882412808318351,0.6834623439750087,0.8229662245645123,nan,nan,nan,nan,0.8356545168454899,0.9558405420096049,nan,nan,nan,nan,0.8219251838279652,nan,0.6157266535529595,0.7708981754020956,0.6598650065932807,nan,nan,nan,nan,0.6359503618275252,nan,0.6344253902963691,nan,0.5563200365958814,nan,nan,nan,nan,0.8303439029449399,nan,0.8223847192937698,nan,nan,1.0,0.8838388385059872,nan,nan,nan,0.7211657289364792,0.7837746586931628,0.8228093303511619,nan,nan,nan,0.8584001770896847,nan,nan,nan,0.6139301239061732,nan,0.6212606855524222,nan,0.8160333673785999,0.7437774870151632,nan,0.890911505604408,0.8228093303511619,0.7680545002829399,0.6139301239061732,nan,0.7613162825766203,nan,0.8801845211080555,0.8333737217978231,0.7613162825766203,nan,0.623618386253027,nan,nan,nan,nan,0.8875056366796796,0.9073773895174055,nan,0.15936924817531603,0.8006999708074036,0.9287940649248537,nan,0.6359503618275253,nan,0.8761861885470017,nan,nan,0.7936369894586864,0.9059019583624749,0.8584001770896847,0.6212606855524222,0.836538882502803,nan,0.6673156690369072,0.8137659959733368,nan,nan,nan,nan,nan,nan,0.6834623439750087,nan,0.7703030765745547,nan,0.851501331719024,nan,0.7750265308757622,nan,0.7437774870151632,0.9059019583624749,0.7868984245704261,0.836538882502803,nan,nan,nan,0.9554578753061194,nan,0.8916925437348635,nan,0.873035113014554,0.8180812815751323,nan,nan,0.6081547694693111
mdc_4c6118b76af0f0c6,nan,0.8432323132016797,0.6970090784839261,nan,0.7662261666349452,0.8099016592048481,0.704945668498698,0.8544844022422322,nan,nan,nan,nan,0.888343538919128,0.8754685064472083,nan,nan,nan,nan,0.8418669044689356,nan,0.6709696151549959,0.7828058982981492,0.7196896033976794,nan,nan,nan,nan,0.6677427735278949,nan,0.6755015547485834,nan,0.4731279549795811,nan,nan,nan,nan,0.8487120705504282,nan,0.8419555741319422,nan,nan,0.8838388385059872,1.0,nan,nan,nan,0.7691966220860177,0.8171033249085431,0.8941475231587181,nan,nan,nan,0.9344128734746278,nan,nan,nan,0.6468834728952083,nan,0.6492450541453009,nan,0.8351759195507635,0.7420967708680285,nan,0.911003018891105,0.8941475231587181,0.7940346873915373,0.6468834728952083,nan,0.7857237826470216,nan,0.8540601164781593,0.9133888694458071,0.7857237826470216,nan,0.6925502578311846,nan,nan,nan,nan,0.9510728572783249,0.9331045183223414,nan,0.16384691717006547,0.827762164003234,0.9185538752298944,nan,0.667742773527895,nan,0.9258836815105836,nan,nan,0.8101289829925145,0.9227057668296911,0.9344128734746278,0.6492450541453009,0.9399684207918907,nan,0.6625186399927027,0.8349310702001058,nan,nan,nan,nan,nan,nan,0.7049456684986979,nan,0.7901894793427415,nan,0.8983116805297721,nan,0.7846802007088499,nan,0.7420967708680285,0.9227057668296911,0.8132437426312463,0.9399684207918907,nan,nan,nan,0.8755321418347858,nan,0.9540683941383566,nan,0.9386139599009404,0.8368995798994204,nan,nan,0.5729153556679956
mdc_4f37d90902a02fb0,0.756316988619723,nan,nan,nan,nan,nan,nan,nan,nan,0.9557131887598156,nan,nan,nan,nan,nan,nan,nan,nan,nan,0.9154319071380055,nan,nan,nan,nan,nan,-0.669787348348944,nan,nan,0.014937370555945913,nan,0.937169624116758,nan,nan,0.04415596012298719,0.9634598294612173,0.7852228946950763,nan,0.35425956717880097,nan,0.8158427193847175,0.1473110877923764,nan,nan,1.0,nan,nan,nan,nan,nan,nan,nan,nan,nan,nan,0.80972326839584,0.8199460202114827,nan,0.9044658071044288,nan,0.9483520766063007,nan,nan,0.9719438604885355,nan,nan,nan,nan,0.9483383253228761,nan,0.8199460202114827,nan,nan,nan,0.8527283528589221,nan,nan,nan,0.81664885255495,0.07749363793223096,nan,nan,nan,nan,nan,nan,nan,nan,nan,nan,0.8391251313081255,nan,nan,nan,nan,nan,nan,0.07161813353289084,nan,nan,nan,nan,nan,-0.6658830393825543,0.9552118515284207,nan,nan,-0.6697873483489442,nan,0.9210564964940037,nan,0.18251876313491863,nan,0.7863586157392737,nan,nan,nan,nan,0.07749363793223096,0.9693499679982085,0.9534484979512501,nan,0.8154313261249303,nan,-0.6567312076916098,nan,nan,0.7746254278987506,nan,nan
mdc_50898bec5bf99099,nan,nan,nan,-0.4168850771680284,nan,nan,nan,nan,0.1504235869908791,nan,-0.2565459988549025,0.818914716017882,nan,nan,-0.2177560193526505,-0.2565459988549025,0.0836869058145401,-0.3006915059660541,nan,nan,nan,nan,nan,0.9769014304011552,0.38944904879087633,nan,-0.44309293829591223,nan,nan,nan,nan,nan,0.32211465072349155,nan,nan,nan,nan,nan,nan,nan,nan,nan,nan,nan,1.0,0.30597535148148236,nan,nan,nan,-0.2565459988549025,0.18875713205376843,0.8185684209777735,nan,0.9218597388967451,nan,nan,nan,nan,nan,nan,nan,nan,nan,nan,nan,nan,nan,nan,nan,nan,nan,nan,nan,nan,nan,0.9218597388967451,-0.318140488575855,nan,nan,nan,nan,0.8185684209777735,nan,nan,nan,0.9630305734326872,nan,-0.24431341771797116,nan,nan,0.9218597388967451,nan,nan,nan,nan,nan,nan,nan,nan,-0.318140488575855,0.30597535148148236,0.18875713205376843,nan,nan,0.30597535148148236,nan,nan,nan,nan,nan,nan,nan,nan,nan,nan,nan,nan,nan,nan,nan,nan,nan,nan,nan,nan,nan,nan,-0.4534749128128374,nan
mdc_51a60a3264845365,nan,nan,nan,0.6582328126704277,nan,nan,nan,nan,0.7734519286113817,nan,0.8155968619436822,0.2613949419954963,nan,nan,0.8166613749420857,0.8155968619436822,0.6961979797753759,0.6947286238805714,nan,nan,nan,nan,nan,0.340959012597806,0.8909559310621823,nan,0.5588265637811192,nan,nan,nan,nan,nan,0.9107462273079477,nan,nan,nan,nan,nan,nan,nan,nan,nan,nan,nan,0.30597535148148236,0.9999999999999999,nan,nan,nan,0.8155968619436822,0.7927344480417441,0.25314446343875235,nan,0.42423015959603855,nan,nan,nan,nan,nan,nan,nan,nan,nan,nan,nan,nan,nan,nan,nan,nan,nan,nan,nan,nan,nan,0.42423015959603855,0.7049562748572118,nan,nan,nan,nan,0.25314446343875235,nan,nan,nan,0.38104369416988776,nan,0.7931594060273492,nan,nan,0.42423015959603855,nan,nan,nan,nan,nan,nan,nan,nan,0.7049562748572118,0.9999999999999999,0.7927344480417441,nan,nan,0.9999999999999999,nan,nan,nan,nan,nan,nan,nan,nan,nan,nan,nan,nan,nan,nan,nan,nan,nan,nan,nan,nan,nan,nan,0.48573549516988346,nan
mdc_55704ef55a74b2cd,nan,0.7493124266343606,0.6328748952617206,nan,0.6763564463573823,0.6988307945509884,0.4604121902978,0.7307804818141796,nan,nan,nan,nan,0.741570054689228,0.7342684665764535,nan,nan,nan,nan,0.733394862771484,nan,0.6704086865604153,0.711425979352236,0.6679785809728132,nan,nan,nan,nan,0.44608151065420265,nan,0.7826731420948497,nan,0.3095152435834145,nan,nan,nan,nan,0.734050439991546,nan,0.7360752555077356,nan,nan,0.7211657289364792,0.7691966220860177,nan,nan,nan,1.0,0.7191488399005493,0.6684209230934315,nan,nan,nan,0.7832786903795075,nan,nan,nan,0.4183479375688718,nan,0.4477934574309138,nan,0.7286246288184817,0.532287779097696,nan,0.7543130637805007,0.6684209230934315,0.720174276243458,0.4183479375688718,nan,0.5822371192057363,nan,0.6992024109655532,0.7374546498281632,0.5822371192057363,nan,0.6613804736390826,nan,nan,nan,nan,0.8145533835908507,0.76248120886455,nan,0.2556812529985999,0.7133239555259282,0.7606722962047863,nan,0.4460815106542026,nan,0.7695743417338237,nan,nan,0.7268619143139181,0.75364129894681,0.7832786903795075,0.4477934574309138,0.7172412409640537,nan,0.5367527342105923,0.7342912443171196,nan,nan,nan,nan,nan,nan,0.4604121902978,nan,0.7461914972470984,nan,0.6738009345632869,nan,0.698537806208428,nan,0.532287779097696,0.75364129894681,0.684818330709706,0.7172412409640537,nan,nan,nan,0.7335057164556742,nan,0.7446287862542557,nan,0.7246476569041087,0.8383947228879255,nan,nan,0.589020757074501
mdc_5e13b90555a693c9,nan,0.9200181056278616,0.7936902783353844,nan,0.8429141624491162,0.9441902032443511,0.6447027077997847,0.9522602016735702,nan,nan,nan,nan,0.8408320839820478,0.8090049336344298,nan,nan,nan,nan,0.9631762998096609,nan,0.7120717173082709,0.8983796926170684,0.7720588577753267,nan,nan,nan,nan,0.575467533032762,nan,0.7939530062785964,nan,0.25077755668055685,nan,nan,nan,nan,0.9517753042991892,nan,0.9597946265442355,nan,nan,0.7837746586931628,0.8171033249085431,nan,nan,nan,0.7191488399005493,0.9999999999999999,0.7436451518204952,nan,nan,nan,0.8284670315850547,nan,nan,nan,0.5607128025438862,nan,0.5593953029014371,nan,0.9566142054337966,0.6853903396445054,nan,0.80604389048418,0.7436451518204952,0.9213155088649879,0.5607128025438862,nan,0.7224757135887762,nan,0.7611131257235753,0.8287024469979982,0.7224757135887762,nan,0.753727592256132,nan,nan,nan,nan,0.8666302464736332,0.8705532662596301,nan,0.2643416788157321,0.9733261449891711,0.8300627367673216,nan,0.575467533032762,nan,0.8575020942779794,nan,nan,0.9446988238006512,0.8571312748331303,0.8284670315850547,0.5593953029014371,0.7652108494087763,nan,0.8391661529985545,0.9614313490445195,nan,nan,nan,nan,nan,nan,0.6447027077997848,nan,0.8850437317240465,nan,0.75691696359857,nan,0.908385541547402,nan,0.6853903396445054,0.8571312748331303,0.9478039661350489,0.7652108494087763,nan,nan,nan,0.8084318106519797,nan,0.7798184579584598,nan,0.7589006506312844,0.7902931023763886,nan,nan,0.7015023469203143
mdc_5f065ced36a26565,nan,0.7602123090800766,0.6354522894551328,nan,0.6970528687236411,0.733715010533985,0.6492566363570555,0.7621671823339641,nan,nan,nan,nan,0.8549204352927471,0.8175725009443138,nan,nan,nan,nan,0.7498022743260184,nan,0.551766790314732,0.7120059742679953,0.6104366747899386,nan,nan,nan,nan,0.6447150917143807,nan,0.5946256659565086,nan,0.4801957142691218,nan,nan,nan,nan,0.7622865485430285,nan,0.7529691294774167,nan,nan,0.8228093303511619,0.8941475231587181,nan,nan,nan,0.6684209230934315,0.7436451518204952,1.0,nan,nan,nan,0.8862985563453865,nan,nan,nan,0.6469979659736611,nan,0.6277544792113665,nan,0.7570735768012138,0.6899788970877586,nan,0.8538911499091207,1.0,0.7063435344253924,0.6469979659736611,nan,0.7016634657054176,nan,0.819539109829632,0.8503545403119237,0.7016634657054176,nan,0.5776738105256107,nan,nan,nan,nan,0.8747477233706445,0.8656554527732854,nan,0.18652795240073644,0.7463843451218161,0.8439079478503575,nan,0.6447150917143806,nan,0.8494420278414999,nan,nan,0.7242699131754273,0.8667655635004781,0.8862985563453865,0.6277544792113665,0.9464885038222156,nan,0.5879913094141601,0.7500154467551609,nan,nan,nan,nan,nan,nan,0.6492566363570555,nan,0.6733160538364947,nan,0.8366580377690742,nan,0.7215012747286639,nan,0.6899788970877586,0.8667655635004781,0.726112329588224,0.9464885038222156,nan,nan,nan,0.8180854120745027,nan,0.9126271769390782,nan,0.9003843586007788,0.730373693017638,nan,nan,0.5603816927678223
mdc_61438f8a108ae268,nan,nan,nan,0.9492670709280102,nan,nan,nan,nan,0.7027560975805529,nan,1.0,-0.2378125539312384,nan,nan,0.9788419999307351,1.0,0.6829148022745094,0.9252706557292627,nan,nan,nan,nan,nan,-0.24182585707494964,0.7035086280552192,nan,0.8769090068455819,nan,nan,nan,nan,nan,0.753641487110966,nan,nan,nan,nan,nan,nan,nan,nan,nan,nan,nan,-0.2565459988549025,0.8155968619436822,nan,nan,nan,1.0,0.7009383226188831,-0.26776687848717995,nan,-0.17797161219099003,nan,nan,nan,nan,nan,nan,nan,nan,nan,nan,nan,nan,nan,nan,nan,nan,nan,nan,nan,nan,nan,-0.17797161219099003,0.9383944282877913,nan,nan,nan,nan,-0.26776687848717995,nan,nan,nan,-0.2079975564019993,nan,0.9786066842966556,nan,nan,-0.17797161219099003,nan,nan,nan,nan,nan,nan,nan,nan,0.9383944282877913,0.8155968619436822,0.7009383226188831,nan,nan,0.8155968619436822,nan,nan,nan,nan,nan,nan,nan,nan,nan,nan,nan,nan,nan,nan,nan,nan,nan,nan,nan,nan,nan,nan,0.8086618165202306,nan
mdc_621143441783762a,nan,nan,nan,0.620557735045788,nan,nan,nan,nan,0.6014877152777629,nan,0.7009383226188831,0.44470310170683747,nan,nan,0.7199890067013369,0.7009383226188831,0.9231759263585647,0.8119424562835293,nan,nan,nan,nan,nan,0.2052262013231238,0.7967707499366549,nan,0.6699560995019398,nan,nan,nan,nan,nan,0.7854462619213666,nan,nan,nan,nan,nan,nan,nan,nan,nan,nan,nan,0.18875713205376843,0.7927344480417441,nan,nan,nan,0.7009383226188831,1.0,0.4332086612968208,nan,0.25118559896418874,nan,nan,nan,nan,nan,nan,nan,nan,nan,nan,nan,nan,nan,nan,nan,nan,nan,nan,nan,nan,nan,0.25118559896418874,0.8162862008061837,nan,nan,nan,nan,0.4332086612968208,nan,nan,nan,0.2307610146097521,nan,0.7409251556471832,nan,nan,0.25118559896418874,nan,nan,nan,nan,nan,nan,nan,nan,0.8162862008061837,0.7927344480417442,1.0,nan,nan,0.7927344480417442,nan,nan,nan,nan,nan,nan,nan,nan,nan,nan,nan,nan,nan,nan,nan,nan,nan,nan,nan,nan,nan,nan,0.657046738069624,nan
mdc_6528eee052f7feb1,nan,nan,nan,-0.390433036336964,nan,nan,nan,nan,0.07398996537608944,nan,-0.26776687848717995,0.9701991485093296,nan,nan,-0.21770664257221603,-0.26776687848717995,0.31410681370709914,-0.15894804032893078,nan,nan,nan,nan,nan,0.8392911574380729,0.33876137431038295,nan,-0.319743643784451,nan,nan,nan,nan,nan,0.2678573088850284,nan,nan,nan,nan,nan,nan,nan,nan,nan,nan,nan,0.8185684209777735,0.25314446343875235,nan,nan,nan,-0.26776687848717995,0.4332086612968208,1.0,nan,0.8495734059457292,nan,nan,nan,nan,nan,nan,nan,nan,nan,nan,nan,nan,nan,nan,nan,nan,nan,nan,nan,nan,nan,0.8495734059457292,-0.16700793456695343,nan,nan,nan,nan,1.0,nan,nan,nan,0.8423459847614072,nan,-0.21933083166282236,nan,nan,0.8495734059457292,nan,nan,nan,nan,nan,nan,nan,nan,-0.16700793456695343,0.25314446343875235,0.4332086612968208,nan,nan,0.25314446343875235,nan,nan,nan,nan,nan,nan,nan,nan,nan,nan,nan,nan,nan,nan,nan,nan,nan,nan,nan,nan,nan,nan,-0.2863873741267419,nan
mdc_677e824ccda9c019,nan,0.8362221475716626,0.7109969335056523,nan,0.7709755530057745,0.8176614089539933,0.6543593516213533,0.857288525942681,nan,nan,nan,nan,0.9324480114253231,0.8696842439239638,nan,nan,nan,nan,0.8471360913277093,nan,0.6800942322312016,0.7868350891094099,0.7300036363146604,nan,nan,nan,nan,0.6524012690724491,nan,0.7043663780373275,nan,0.40339125184017616,nan,nan,nan,nan,0.8492725485069132,nan,0.8457939946834314,nan,nan,0.8584001770896847,0.9344128734746278,nan,nan,nan,0.7832786903795075,0.8284670315850547,0.8862985563453865,nan,nan,nan,1.0,nan,nan,nan,0.6372166232306881,nan,0.6384489358219088,nan,0.8445575896404708,0.6941527785068985,nan,0.8962341797423232,0.8862985563453865,0.7991006251813159,0.6372166232306881,nan,0.7359014293541419,nan,0.8714551811385575,0.9151029475117044,0.7359014293541419,nan,0.6968348670435853,nan,nan,nan,nan,0.9583212721143071,0.9284145663286901,nan,0.19354641806934889,0.8255874216132354,0.9009009596231283,nan,0.6524012690724491,nan,0.8971787310034677,nan,nan,0.8160575805595883,0.9330721887163772,1.0,0.6384489358219088,0.9177068009311993,nan,0.6394952727784334,0.8453817020258714,nan,nan,nan,nan,nan,nan,0.6543593516213533,nan,0.761459609809919,nan,0.8486821938056998,nan,0.7842441798958474,nan,0.6941527785068985,0.9330721887163772,0.8127797955252717,0.9177068009311993,nan,nan,nan,0.8702320620925355,nan,0.93037991073984,nan,0.9220838479346929,0.8126727397187326,nan,nan,0.6361810323430581
mdc_678609c534d68189,nan,nan,nan,-0.36619582930640127,nan,nan,nan,nan,0.2155477710924069,nan,-0.17797161219099003,0.8167254452226637,nan,nan,-0.14304848643632817,-0.17797161219099003,0.11521731485750113,-0.2665740026828128,nan,nan,nan,nan,nan,0.9583176196274549,0.41420415095352625,nan,-0.4220098265258313,nan,nan,nan,nan,nan,0.3694016047187196,nan,nan,nan,nan,nan,nan,nan,nan,nan,nan,nan,0.9218597388967451,0.42423015959603855,nan,nan,nan,-0.17797161219099003,0.25118559896418874,0.8495734059457292,nan,1.0,nan,nan,nan,nan,nan,nan,nan,nan,nan,nan,nan,nan,nan,nan,nan,nan,nan,nan,nan,nan,nan,1.0,-0.26971927128566153,nan,nan,nan,nan,0.8495734059457292,nan,nan,nan,0.9735458858902213,nan,-0.18264902063326593,nan,nan,1.0,nan,nan,nan,nan,nan,nan,nan,nan,-0.26971927128566153,0.4242301595960385,0.25118559896418874,nan,nan,0.4242301595960385,nan,nan,nan,nan,nan,nan,nan,nan,nan,nan,nan,nan,nan,nan,nan,nan,nan,nan,nan,nan,nan,nan,-0.4395043164631826,nan
mdc_6cacbba19ad9b8d3,0.8828739641565967,nan,nan,nan,nan,nan,nan,nan,nan,0.7563234541331193,nan,nan,nan,nan,nan,nan,nan,nan,nan,0.800741219945025,nan,nan,nan,nan,nan,-0.19082513544870017,nan,nan,0.3684754805154099,nan,0.7980708052066863,nan,nan,0.5181477572509839,0.7773474848550398,0.6717757399584847,nan,0.4278424203399462,nan,0.6955177779546556,0.6435012936703096,nan,nan,0.80972326839584,nan,nan,nan,nan,nan,nan,nan,nan,nan,nan,1.0,0.9758524807842403,nan,0.7226860280549218,nan,0.7464599290620049,nan,nan,0.774439676137637,nan,nan,nan,nan,0.7428909129400196,nan,0.9758524807842403,nan,nan,nan,0.7109281378731742,nan,nan,nan,0.9283854048483212,0.6157540999858397,nan,nan,nan,nan,nan,nan,nan,nan,nan,nan,0.8229674780461063,nan,nan,nan,nan,nan,nan,0.29765150207256696,nan,nan,nan,nan,nan,-0.27524195699410864,0.7567462313356637,nan,nan,-0.1908251354487002,nan,0.7253034616441355,nan,0.3909325688657104,nan,0.9575162523729471,nan,nan,nan,nan,0.6157540999858397,0.7458410203043229,0.7622440693770868,nan,0.68301661330902,nan,-0.22192997758739405,nan,nan,0.5192180949537102,nan,nan
mdc_6f008c954ea26bf5,0.8783051463794372,nan,nan,nan,nan,nan,nan,nan,nan,0.7856372177889992,nan,nan,nan,nan,nan,nan,nan,nan,nan,0.822653026161432,nan,nan,nan,nan,nan,-0.17515914796271562,nan,nan,0.31261720561095846,nan,0.8197396658697979,nan,nan,0.48421292765277063,0.7924215724388827,0.6942791009417298,nan,0.43061494220486213,nan,0.6985917693137957,0.6794304801777686,nan,nan,0.8199460202114827,nan,nan,nan,nan,nan,nan,nan,nan,nan,nan,0.9758524807842403,1.0,nan,0.7570281275614975,nan,0.7778968909539626,nan,nan,0.7838828781516065,nan,nan,nan,nan,0.7623270188876531,nan,1.0,nan,nan,nan,0.6929234355003359,nan,nan,nan,0.8884225310658134,0.6467844790607671,nan,nan,nan,nan,nan,nan,nan,nan,nan,nan,0.8431936479600256,nan,nan,nan,nan,nan,nan,0.23592818345431638,nan,nan,nan,nan,nan,-0.2829288200137616,0.7861458713767122,nan,nan,-0.17515914796271562,nan,0.7851694826625157,nan,0.35304832252584367,nan,0.9475267078993584,nan,nan,nan,nan,0.6467844790607671,0.7733897784011516,0.786494984514094,nan,0.6821201966043323,nan,-0.22038656079700714,nan,nan,0.5288782887534036,nan,nan
mdc_76477bceb0d8f4af,nan,0.5933066109395309,0.49101857530621157,nan,0.5477155550073762,0.56199865781611,0.8406597990902536,0.5831844135502178,nan,nan,nan,nan,0.6454140381124246,0.6024713237666741,nan,nan,nan,nan,0.5553294281400011,nan,0.35648730778363974,0.47423549660301534,0.3967414970148854,nan,nan,nan,nan,0.950666715537078,nan,0.36270746875869053,nan,0.4338084572941704,nan,nan,nan,nan,0.5919735986173166,nan,0.5662695555717813,nan,nan,0.6139301239061732,0.6468834728952083,nan,nan,nan,0.4183479375688718,0.5607128025438862,0.6469979659736611,nan,nan,nan,0.6372166232306881,nan,nan,nan,0.9999999999999999,nan,0.9569505156070853,nan,0.571562965621235,0.8308261647676447,nan,0.6572610188855651,0.6469979659736611,0.5228861813442993,0.9999999999999999,nan,0.7864668262550754,nan,0.6532881136098738,0.6346552092429488,0.7864668262550754,nan,0.3502971035705513,nan,nan,nan,nan,0.6286312956140123,0.6360442047643754,nan,0.19948666144896127,0.5833711826757586,0.6596789552676793,nan,0.950666715537078,nan,0.6542888985024358,nan,nan,0.5158358749104096,0.6385395325212745,0.6372166232306881,0.9569505156070853,0.6437265753663997,nan,0.6508010658775418,0.5638116127493241,nan,nan,nan,nan,nan,nan,0.8406597990902535,nan,0.5406062579873211,nan,0.6528641488650896,nan,0.5116964505859319,nan,0.8308261647676447,0.6385395325212745,0.5898174981672272,0.6437265753663997,nan,nan,nan,0.6023348762913017,nan,0.6713666846178938,nan,0.7017091625948293,0.5514461543100851,nan,nan,0.28625573122634196
mdc_768a5c7e2b969a5c,0.8242756149898964,nan,nan,nan,nan,nan,nan,nan,nan,0.9214676031287721,nan,nan,nan,nan,nan,nan,nan,nan,nan,0.84958324289979,nan,nan,nan,nan,nan,-0.8213921530671058,nan,nan,-0.21452737834917684,nan,0.8627896243805909,nan,nan,-0.14850535648023044,0.9550017222332614,0.876199007583929,nan,0.22560196226815027,nan,0.8429240349982396,0.3435300267332663,nan,nan,0.9044658071044288,nan,nan,nan,nan,nan,nan,nan,nan,nan,nan,0.7226860280549218,0.7570281275614975,nan,0.9999999999999999,nan,0.9513326461157675,nan,nan,0.9362387311955902,nan,nan,nan,nan,0.9562095183958962,nan,0.7570281275614975,nan,nan,nan,0.8185582377251577,nan,nan,nan,0.7553138678414824,-0.1052060883205313,nan,nan,nan,nan,nan,nan,nan,nan,nan,nan,0.8389032595172298,nan,nan,nan,nan,nan,nan,-0.1133272440691789,nan,nan,nan,nan,nan,-0.8185966976584523,0.8916681275614108,nan,nan,-0.8213921530671058,nan,0.8941325106102385,nan,0.03856185121283367,nan,0.761420439258773,nan,nan,nan,nan,-0.1052060883205313,0.9515911443723403,0.9031293285308417,nan,0.889364128222779,nan,-0.8067719508726109,nan,nan,0.8088291896010903,nan,nan
mdc_79e791563e18827f,nan,0.5948276252436903,0.46420644217572965,nan,0.5339260586512443,0.5473966588168343,0.8762439241870515,0.5838919512118403,nan,nan,nan,nan,0.6680937175366033,0.6101341506186639,nan,nan,nan,nan,0.5502482057107143,nan,0.4062558454783181,0.4455337849039749,0.4253627283133788,nan,nan,nan,nan,0.9744093913571135,nan,0.34357219328082766,nan,0.4401634566698091,nan,nan,nan,nan,0.5942662573138151,nan,0.5672821194922366,nan,nan,0.6212606855524222,0.6492450541453009,nan,nan,nan,0.4477934574309138,0.5593953029014371,0.6277544792113665,nan,nan,nan,0.6384489358219088,nan,nan,nan,0.9569505156070853,nan,1.0,nan,0.5704342211285572,0.8567684429153726,nan,0.6704970278574042,0.6277544792113665,0.5207840785520464,0.9569505156070853,nan,0.8140240687604754,nan,0.6568326164544571,0.6529837822467564,0.8140240687604754,nan,0.3981672210563,nan,nan,nan,nan,0.6305976826142278,0.6410030019658897,nan,0.1435470704641788,0.5838049964833858,0.6693786971570973,nan,0.9744093913571135,nan,0.6648841759709576,nan,nan,0.5189854286386145,0.6355446009540983,0.6384489358219088,1.0,0.6455517907501268,nan,0.6447819211916277,0.566372074745029,nan,nan,nan,nan,nan,nan,0.8762439241870517,nan,0.5454552823863523,nan,0.6648936685992128,nan,0.518612355164871,nan,0.8567684429153726,0.6355446009540983,0.582600145766419,0.6455517907501268,nan,nan,nan,0.6099270651102188,nan,0.6916842475162673,nan,0.7233348614859542,0.5723978762875268,nan,nan,0.29442311920311226
mdc_7d14f841ef43cadf,0.8442510575529764,nan,nan,nan,nan,nan,nan,nan,nan,0.9780085217490778,nan,nan,nan,nan,nan,nan,nan,nan,nan,0.94347719701281,nan,nan,nan,nan,nan,-0.8235366491891531,nan,nan,-0.19355401001187142,nan,0.9528060459152363,nan,nan,-0.1261883198686752,0.9886923687410266,0.8990018785225844,nan,0.26110918374532704,nan,0.8352698177154754,0.1765941614649598,nan,nan,0.9483520766063007,nan,nan,nan,nan,nan,nan,nan,nan,nan,nan,0.7464599290620049,0.7778968909539626,nan,0.9513326461157675,nan,0.9999999999999999,nan,nan,0.9738240619247139,nan,nan,nan,nan,0.9562220686739676,nan,0.7778968909539625,nan,nan,nan,0.8476458165397704,nan,nan,nan,0.7782123591086495,-0.09025807885533071,nan,nan,nan,nan,nan,nan,nan,nan,nan,nan,0.8346258761248923,nan,nan,nan,nan,nan,nan,-0.0983111938388634,nan,nan,nan,nan,nan,-0.8190868270033543,0.9697885655668623,nan,nan,-0.823536649189153,nan,0.9234400785336695,nan,0.04739531620375195,nan,0.7836226352428959,nan,nan,nan,nan,-0.09025807885533071,0.9671748524625748,0.9802414914220251,nan,0.9089210774090284,nan,-0.8108694439266568,nan,nan,0.7595178660011204,nan,nan
mdc_7f69956dbd1c0013,nan,0.9535604252417813,0.811557290215631,nan,0.8682075220987735,0.978850165766464,0.637578862971738,0.972560597289983,nan,nan,nan,nan,0.8535769908137469,0.8422281079373367,nan,nan,nan,nan,0.9899043654736367,nan,0.7477168637333304,0.9376815208690908,0.8016925410223127,nan,nan,nan,nan,0.5803009547053262,nan,0.8111451643011679,nan,0.24541317709096988,nan,nan,nan,nan,0.977201076680094,nan,0.9836886549441948,nan,nan,0.8160333673785999,0.8351759195507635,nan,nan,nan,0.7286246288184817,0.9566142054337966,0.7570735768012138,nan,nan,nan,0.8445575896404708,nan,nan,nan,0.571562965621235,nan,0.5704342211285572,nan,0.9999999999999999,0.6819386911944284,nan,0.8325081698841342,0.7570735768012138,0.9647245667779696,0.5715629656212351,nan,0.7022532351732548,nan,0.7834171266255756,0.8168852901743463,0.7022532351732548,nan,0.7915180488445396,nan,nan,nan,nan,0.8875621967142073,0.8923348473367665,nan,0.32704215999119335,0.9577416108924338,0.8582302393495522,nan,0.5803009547053262,nan,0.8516380716552349,nan,nan,0.9817428203727816,0.8866513401489156,0.8445575896404707,0.5704342211285572,0.7878543978259489,nan,0.8403841536501666,0.9877611286271467,nan,nan,nan,nan,nan,nan,0.637578862971738,nan,0.9198054271910608,nan,0.7712697493766938,nan,0.9341031419009734,nan,0.6819386911944284,0.8866513401489156,0.9604196556812146,0.7878543978259489,nan,nan,nan,0.841630249448119,nan,0.8006604848834328,nan,0.7816650321357946,0.8275871753069786,nan,nan,0.7688346397939648
mdc_801488267ad484dc,nan,0.7071151863090023,0.5651976769689498,nan,0.6260297423779929,0.6615338177589357,0.9449662914080278,0.708024956756333,nan,nan,nan,nan,0.6994876216622269,0.7313308163754457,nan,nan,nan,nan,0.6722040837968949,nan,0.41068154684609964,0.5735603217160934,0.44586100398949097,nan,nan,nan,nan,0.8714946360629127,nan,0.46908019052692373,nan,0.4555238646673702,nan,nan,nan,nan,0.7153613025417174,nan,0.6894580507626272,nan,nan,0.7437774870151632,0.7420967708680285,nan,nan,nan,0.532287779097696,0.6853903396445054,0.6899788970877586,nan,nan,nan,0.6941527785068985,nan,nan,nan,0.8308261647676447,nan,0.8567684429153726,nan,0.6819386911944284,1.0,nan,0.7679542068590808,0.6899788970877587,0.6276219928277295,0.8308261647676446,nan,0.9292335057255673,nan,0.7242571436273925,0.7324649653767589,0.9292335057255673,nan,0.41575320954462575,nan,nan,nan,nan,0.7120340398338463,0.735603758191891,nan,0.1765152516855215,0.7009358933127545,0.7681241447760151,nan,0.8714946360629128,nan,0.7484380481894215,nan,nan,0.6479206728945993,0.7173324061964834,0.6941527785068985,0.8567684429153727,0.7090604625798836,nan,0.7778348020224398,0.6815025439642357,nan,nan,nan,nan,nan,nan,0.9449662914080279,nan,0.645078422901502,nan,0.7771291284784986,nan,0.6365655814562358,nan,1.0,0.7173324061964834,0.681318071530562,0.7090604625798836,nan,nan,nan,0.731150474517453,nan,0.7283440330630232,nan,0.7263886232295844,0.6408803535419281,nan,nan,0.3792231439037419
mdc_816bddd1a301dac9,0.8647773439895597,nan,nan,nan,nan,nan,nan,nan,nan,0.9814980634915497,nan,nan,nan,nan,nan,nan,nan,nan,nan,0.939593165477038,nan,nan,nan,nan,nan,-0.807689873522452,nan,nan,-0.14480335118684665,nan,0.9570142798364575,nan,nan,-0.07719875111360612,0.9891119795799436,0.8866616630552571,nan,0.28994120024593667,nan,0.8530972972001332,0.15555304694736188,nan,nan,0.9719438604885355,nan,nan,nan,nan,nan,nan,nan,nan,nan,nan,0.774439676137637,0.7838828781516065,nan,0.9362387311955902,nan,0.9738240619247139,nan,nan,1.0,nan,nan,nan,nan,0.9698052109786572,nan,0.7838828781516065,nan,nan,nan,0.8765432673598301,nan,nan,nan,0.8072348851758984,-0.07163694937314084,nan,nan,nan,nan,nan,nan,nan,nan,nan,nan,0.8375230732628133,nan,nan,nan,nan,nan,nan,-0.05499162642733489,nan,nan,nan,nan,nan,-0.7996097205234894,0.9743014043288849,nan,nan,-0.8076898735224519,nan,0.9462580207332514,nan,0.06874076089166606,nan,0.7993095388934273,nan,nan,nan,nan,-0.07163694937314084,0.9869713585951344,0.9740819539776413,nan,0.9196678873685364,nan,-0.7955916876179807,nan,nan,0.7871406145483109,nan,nan
mdc_846faa048a1022c9,nan,0.849851726344808,0.6889658327124749,nan,0.7422724746518811,0.8085098429255587,0.728056554013995,0.8487720442174376,nan,nan,nan,nan,0.8615305375630422,0.8992850611661043,nan,nan,nan,nan,0.8359346631473481,nan,0.6465033058252415,0.7695663700393904,0.6846805886109826,nan,nan,nan,nan,0.6923097961824155,nan,0.647428159779383,nan,0.447234657887303,nan,nan,nan,nan,0.8476191709695027,nan,0.8419928963734591,nan,nan,0.890911505604408,0.911003018891105,nan,nan,nan,0.7543130637805007,0.80604389048418,0.8538911499091207,nan,nan,nan,0.8962341797423232,nan,nan,nan,0.6572610188855651,nan,0.6704970278574042,nan,0.8325081698841342,0.7679542068590808,nan,1.0,0.8538911499091207,0.7905226389715461,0.6572610188855651,nan,0.7976989899289446,nan,0.8952656601310013,0.8946650078529541,0.7976989899289446,nan,0.6502894396864723,nan,nan,nan,nan,0.9130792735616892,0.8988652122911327,nan,0.19018915607150597,0.8147507200906586,0.9560277916435761,nan,0.6923097961824154,nan,0.8903849869729298,nan,nan,0.8099939177870024,0.8922144597641375,0.8962341797423233,0.6704970278574043,0.878169619267,nan,0.6984146701679268,0.8310010212311342,nan,nan,nan,nan,nan,nan,0.728056554013995,nan,0.787705994324531,nan,0.9241772853139707,nan,0.7835918080079607,nan,0.7679542068590808,0.8922144597641375,0.8181489690639724,0.878169619267,nan,nan,nan,0.8998552350381721,nan,0.9072922516070095,nan,0.896657984641672,0.8396528380549027,nan,nan,0.5785794698986971
mdc_855778f6a4cdfa71,nan,0.7602123090800766,0.6354522894551328,nan,0.6970528687236411,0.733715010533985,0.6492566363570555,0.7621671823339641,nan,nan,nan,nan,0.8549204352927471,0.8175725009443138,nan,nan,nan,nan,0.7498022743260184,nan,0.551766790314732,0.7120059742679953,0.6104366747899386,nan,nan,nan,nan,0.6447150917143807,nan,0.5946256659565086,nan,0.4801957142691218,nan,nan,nan,nan,0.7622865485430285,nan,0.7529691294774167,nan,nan,0.8228093303511619,0.8941475231587181,nan,nan,nan,0.6684209230934315,0.7436451518204952,1.0,nan,nan,nan,0.8862985563453865,nan,nan,nan,0.6469979659736611,nan,0.6277544792113665,nan,0.7570735768012138,0.6899788970877587,nan,0.8538911499091207,1.0,0.7063435344253924,0.6469979659736611,nan,0.7016634657054176,nan,0.819539109829632,0.8503545403119237,0.7016634657054176,nan,0.5776738105256107,nan,nan,nan,nan,0.8747477233706445,0.8656554527732854,nan,0.18652795240073644,0.7463843451218161,0.8439079478503575,nan,0.6447150917143806,nan,0.8494420278414999,nan,nan,0.7242699131754273,0.8667655635004781,0.8862985563453865,0.6277544792113665,0.9464885038222156,nan,0.5879913094141601,0.7500154467551609,nan,nan,nan,nan,nan,nan,0.6492566363570555,nan,0.6733160538364947,nan,0.8366580377690742,nan,0.7215012747286639,nan,0.6899788970877586,0.8667655635004781,0.726112329588224,0.9464885038222156,nan,nan,nan,0.8180854120745027,nan,0.9126271769390782,nan,0.9003843586007788,0.730373693017638,nan,nan,0.5603816927678223
mdc_85674e81d3506a6c,nan,0.9382614225818243,0.7670078515911385,nan,0.8340553235222594,0.946193382267129,0.5574422333810329,0.9333243043630167,nan,nan,nan,nan,0.8028926285332719,0.7984355694723758,nan,nan,nan,nan,0.956723250309193,nan,0.7581641691854148,0.9686415633105331,0.8094692857058127,nan,nan,nan,nan,0.5279193359215898,nan,0.8043512909381123,nan,0.20309774211465365,nan,nan,nan,nan,0.9492287273112014,nan,0.9563323030767494,nan,nan,0.7680545002829399,0.7940346873915373,nan,nan,nan,0.720174276243458,0.9213155088649879,0.7063435344253924,nan,nan,nan,0.7991006251813159,nan,nan,nan,0.5228861813442993,nan,0.5207840785520464,nan,0.9647245667779696,0.6276219928277295,nan,0.7905226389715461,0.7063435344253924,0.9999999999999999,0.5228861813442993,nan,0.6553508540304553,nan,0.7387482385211042,0.758940591291101,0.6553508540304553,nan,0.7973519050909542,nan,nan,nan,nan,0.8528557917658255,0.8505236178228409,nan,0.4036057210288866,0.9238224620812423,0.8179319577927882,nan,0.5279193359215898,nan,0.8030835713885756,nan,nan,0.9665148616120439,0.8511540016601317,0.7991006251813159,0.5207840785520464,0.7398661762024764,nan,0.8021163454249652,0.9673206942238081,nan,nan,nan,nan,nan,nan,0.5574422333810329,nan,0.8831430293066074,nan,0.7162745184611512,nan,0.9028820639660522,nan,0.6276219928277295,0.8511540016601317,0.9382180776781155,0.7398661762024764,nan,nan,nan,0.7978251728654505,nan,0.7521391679441186,nan,0.7419262940662703,0.7895185375177532,nan,nan,0.8027173877240166
mdc_886edcbc5a858c56,nan,0.5933066109395309,0.49101857530621157,nan,0.5477155550073762,0.56199865781611,0.8406597990902536,0.5831844135502178,nan,nan,nan,nan,0.6454140381124246,0.6024713237666741,nan,nan,nan,nan,0.5553294281400011,nan,0.35648730778363974,0.47423549660301534,0.3967414970148854,nan,nan,nan,nan,0.950666715537078,nan,0.36270746875869053,nan,0.4338084572941704,nan,nan,nan,nan,0.5919735986173166,nan,0.5662695555717813,nan,nan,0.6139301239061732,0.6468834728952083,nan,nan,nan,0.4183479375688718,0.5607128025438862,0.6469979659736611,nan,nan,nan,0.6372166232306881,nan,nan,nan,0.9999999999999999,nan,0.9569505156070853,nan,0.5715629656212351,0.8308261647676446,nan,0.6572610188855651,0.6469979659736611,0.5228861813442993,0.9999999999999999,nan,0.7864668262550754,nan,0.6532881136098738,0.6346552092429488,0.7864668262550754,nan,0.3502971035705513,nan,nan,nan,nan,0.6286312956140123,0.6360442047643754,nan,0.19948666144896127,0.5833711826757586,0.6596789552676793,nan,0.950666715537078,nan,0.6542888985024358,nan,nan,0.5158358749104096,0.6385395325212745,0.6372166232306881,0.9569505156070853,0.6437265753663997,nan,0.6508010658775418,0.5638116127493241,nan,nan,nan,nan,nan,nan,0.8406597990902535,nan,0.5406062579873211,nan,0.6528641488650896,nan,0.5116964505859319,nan,0.8308261647676447,0.6385395325212745,0.5898174981672272,0.6437265753663997,nan,nan,nan,0.6023348762913017,nan,0.6713666846178938,nan,0.7017091625948293,0.5514461543100851,nan,nan,0.28625573122634196
mdc_8c0ec58523669f91,0.8346013854958219,nan,nan,nan,nan,nan,nan,nan,nan,0.9611113795230499,nan,nan,nan,nan,nan,nan,nan,nan,nan,0.9160603579890456,nan,nan,nan,nan,nan,-0.8075791132223515,nan,nan,-0.1344170507447646,nan,0.9319238186711815,nan,nan,-0.1052196363702895,0.9716460530557715,0.8881713070527764,nan,0.16093532939484642,nan,0.8303454836665725,0.15775010516822102,nan,nan,0.9483383253228761,nan,nan,nan,nan,nan,nan,nan,nan,nan,nan,0.7428909129400196,0.7623270188876531,nan,0.9562095183958962,nan,0.9562220686739676,nan,nan,0.9698052109786572,nan,nan,nan,nan,1.0,nan,0.7623270188876531,nan,nan,nan,0.8334078984656932,nan,nan,nan,0.7714392146109352,-0.08890937627443701,nan,nan,nan,nan,nan,nan,nan,nan,nan,nan,0.8182377608026045,nan,nan,nan,nan,nan,nan,-0.02065499049624607,nan,nan,nan,nan,nan,-0.8041371527734915,0.9508715384153652,nan,nan,-0.8075791132223517,nan,0.9246557750163593,nan,0.09786433052971305,nan,0.7781899175234174,nan,nan,nan,nan,-0.08890937627443701,0.968544803965819,0.9509110112706175,nan,0.8744292836001374,nan,-0.7984990165720726,nan,nan,0.7829137201835483,nan,nan
mdc_8c4eb611f2281cb9,nan,0.7196785173360948,0.5982387215802577,nan,0.6568517022873044,0.6819633121693702,0.8885846827894626,0.7216568314203181,nan,nan,nan,nan,0.7263560269753756,0.7490408971812712,nan,nan,nan,nan,0.7062267109690156,nan,0.47902644907458597,0.6054970838113906,0.4964046891543609,nan,nan,nan,nan,0.833938381525874,nan,0.5241035889738573,nan,0.4523491105215815,nan,nan,nan,nan,0.7374175272122437,nan,0.7183154393325719,nan,nan,0.7613162825766203,0.7857237826470216,nan,nan,nan,0.5822371192057363,0.7224757135887762,0.7016634657054176,nan,nan,nan,0.7359014293541419,nan,nan,nan,0.7864668262550754,nan,0.8140240687604754,nan,0.7022532351732548,0.9292335057255673,nan,0.7976989899289446,0.7016634657054176,0.6553508540304553,0.7864668262550754,nan,1.0,nan,0.7482276208727281,0.7645024541710771,1.0,nan,0.470487927769147,nan,nan,nan,nan,0.7411554748717274,0.763103936417203,nan,0.1234372019525163,0.7284527987113979,0.7970357641230076,nan,0.8339383815258741,nan,0.7848138171680831,nan,nan,0.6777813466774691,0.7514142990305349,0.7359014293541419,0.8140240687604755,0.7324791044098543,nan,0.8021672569095023,0.7157803999952795,nan,nan,nan,nan,nan,nan,0.8885846827894626,nan,0.6742210552864775,nan,0.7759368265433766,nan,0.6705892226946362,nan,0.9292335057255673,0.7514142990305349,0.7088973332060329,0.7324791044098543,nan,nan,nan,0.7486897827254164,nan,0.7686335425260712,nan,0.7635957506138112,0.6738559992735116,nan,nan,0.4115995555272728
mdc_8cbf8475db61e0ec,0.8783051463794372,nan,nan,nan,nan,nan,nan,nan,nan,0.7856372177889992,nan,nan,nan,nan,nan,nan,nan,nan,nan,0.822653026161432,nan,nan,nan,nan,nan,-0.17515914796271562,nan,nan,0.31261720561095846,nan,0.8197396658697979,nan,nan,0.48421292765277063,0.7924215724388827,0.6942791009417298,nan,0.43061494220486213,nan,0.6985917693137957,0.6794304801777686,nan,nan,0.8199460202114827,nan,nan,nan,nan,nan,nan,nan,nan,nan,nan,0.9758524807842403,1.0,nan,0.7570281275614975,nan,0.7778968909539625,nan,nan,0.7838828781516065,nan,nan,nan,nan,0.7623270188876531,nan,1.0,nan,nan,nan,0.6929234355003359,nan,nan,nan,0.8884225310658134,0.6467844790607671,nan,nan,nan,nan,nan,nan,nan,nan,nan,nan,0.8431936479600256,nan,nan,nan,nan,nan,nan,0.23592818345431638,nan,nan,nan,nan,nan,-0.2829288200137616,0.7861458713767122,nan,nan,-0.17515914796271562,nan,0.7851694826625157,nan,0.35304832252584367,nan,0.9475267078993584,nan,nan,nan,nan,0.6467844790607671,0.7733897784011516,0.786494984514094,nan,0.6821201966043323,nan,-0.22038656079700714,nan,nan,0.5288782887534036,nan,nan
mdc_8de974a1ea5ca8c9,nan,0.800022094413173,0.6399594728083775,nan,0.7108629953725509,0.763001523072101,0.6848681691888547,0.7915934182476858,nan,nan,nan,nan,0.8374012310812337,0.8748393436786704,nan,nan,nan,nan,0.789033338371033,nan,0.5588165486164134,0.7335727385460052,0.6130358593840368,nan,nan,nan,nan,0.672613584557996,nan,0.6283930082717784,nan,0.4740546325083165,nan,nan,nan,nan,0.7912218524799381,nan,0.7908931031047142,nan,nan,0.8801845211080555,0.8540601164781593,nan,nan,nan,0.6992024109655532,0.7611131257235753,0.819539109829632,nan,nan,nan,0.8714551811385575,nan,nan,nan,0.6532881136098738,nan,0.6568326164544571,nan,0.7834171266255756,0.7242571436273925,nan,0.8952656601310013,0.819539109829632,0.7387482385211042,0.6532881136098738,nan,0.7482276208727281,nan,1.0,0.8602751225855099,0.7482276208727281,nan,0.5731353413013595,nan,nan,nan,nan,0.8669264794158567,0.8694030071154537,nan,0.1853230401717896,0.7531909988510098,0.8999814530311978,nan,0.672613584557996,nan,0.8607329059218872,nan,nan,0.7490925865835588,0.8692339355734926,0.8714551811385576,0.6568326164544572,0.8404434366361953,nan,0.6055146240983562,0.7787620539196112,nan,nan,nan,nan,nan,nan,0.6848681691888547,nan,0.7251311981556982,nan,0.8430650882560723,nan,0.7324359384725722,nan,0.7242571436273925,0.8692339355734926,0.7593838289981396,0.8404434366361953,nan,nan,nan,0.8752431604865655,nan,0.8729899267153062,nan,0.8536678761290651,0.7795935085734165,nan,nan,0.5642053601247993
mdc_8e573e8836b37473,nan,0.8225903231605828,0.6683067260422347,nan,0.7357306322857743,0.7892990996119511,0.7219407351112866,0.8410583533043444,nan,nan,nan,nan,0.8674678843826017,0.8327677477990829,nan,nan,nan,nan,0.8215243833233747,nan,0.6318462809161729,0.7441898396558261,0.6937895646636425,nan,nan,nan,nan,0.6666148248495397,nan,0.644955990081028,nan,0.41889688063541336,nan,nan,nan,nan,0.8204707133655754,nan,0.8238175501749818,nan,nan,0.8333737217978231,0.9133888694458071,nan,nan,nan,0.7374546498281632,0.8287024469979982,0.8503545403119237,nan,nan,nan,0.9151029475117044,nan,nan,nan,0.6346552092429488,nan,0.6529837822467564,nan,0.8168852901743463,0.7324649653767589,nan,0.8946650078529541,0.8503545403119237,0.758940591291101,0.6346552092429488,nan,0.7645024541710771,nan,0.8602751225855099,1.0,0.7645024541710771,nan,0.6528803901911324,nan,nan,nan,nan,0.9129233317807466,0.8960107718042962,nan,0.1294010356465864,0.8212473174815522,0.8801510520099497,nan,0.6666148248495397,nan,0.9232998011684331,nan,nan,0.7920909162841675,0.878272768224762,0.9151029475117044,0.6529837822467564,0.8762292506713785,nan,0.6603254526468011,0.823947283232469,nan,nan,nan,nan,nan,nan,0.7219407351112866,nan,0.7595551846297369,nan,0.866563628842817,nan,0.7723099775993071,nan,0.7324649653767589,0.878272768224762,0.7986151738209276,0.8762292506713785,nan,nan,nan,0.8321351993033389,nan,0.9053406186613396,nan,0.8835342267170437,0.8125713956571802,nan,nan,0.5739775505242276
mdc_8e8240d2bedb8e5b,nan,0.7196785173360948,0.5982387215802577,nan,0.6568517022873044,0.6819633121693702,0.8885846827894626,0.7216568314203181,nan,nan,nan,nan,0.7263560269753756,0.7490408971812712,nan,nan,nan,nan,0.7062267109690156,nan,0.47902644907458597,0.6054970838113906,0.4964046891543609,nan,nan,nan,nan,0.833938381525874,nan,0.5241035889738573,nan,0.4523491105215815,nan,nan,nan,nan,0.7374175272122437,nan,0.7183154393325719,nan,nan,0.7613162825766203,0.7857237826470216,nan,nan,nan,0.5822371192057363,0.7224757135887762,0.7016634657054176,nan,nan,nan,0.7359014293541419,nan,nan,nan,0.7864668262550754,nan,0.8140240687604754,nan,0.7022532351732548,0.9292335057255673,nan,0.7976989899289446,0.7016634657054176,0.6553508540304553,0.7864668262550754,nan,1.0,nan,0.7482276208727281,0.7645024541710771,1.0,nan,0.470487927769147,nan,nan,nan,nan,0.7411554748717274,0.763103936417203,nan,0.1234372019525163,0.7284527987113979,0.7970357641230076,nan,0.8339383815258741,nan,0.7848138171680831,nan,nan,0.6777813466774691,0.7514142990305349,0.7359014293541419,0.8140240687604755,0.7324791044098543,nan,0.8021672569095023,0.7157803999952795,nan,nan,nan,nan,nan,nan,0.8885846827894626,nan,0.6742210552864775,nan,0.7759368265433766,nan,0.6705892226946362,nan,0.9292335057255673,0.7514142990305349,0.7088973332060329,0.7324791044098543,nan,nan,nan,0.7486897827254164,nan,0.7686335425260712,nan,0.7635957506138112,0.6738559992735116,nan,nan,0.4115995555272728
mdc_8f1dc634ad078b0f,0.7376955820055431,nan,nan,nan,nan,nan,nan,nan,nan,0.8578705664766876,nan,nan,nan,nan,nan,nan,nan,nan,nan,0.8323898982319712,nan,nan,nan,nan,nan,-0.6731128216577511,nan,nan,-0.13978933532203894,nan,0.8313167738837384,nan,nan,-0.08097158290246187,0.8629601577005208,0.9011834214169245,nan,0.35868100352251986,nan,0.670759005572636,0.7824218126635497,nan,nan,0.8527283528589221,nan,nan,nan,nan,nan,nan,nan,nan,nan,nan,0.7109281378731742,0.6929234355003359,nan,0.8185582377251577,nan,0.8476458165397704,nan,nan,0.8765432673598301,nan,nan,nan,nan,0.8334078984656932,nan,0.6929234355003359,nan,nan,nan,1.0,nan,nan,nan,0.7274578104208616,0.02076666802469477,nan,nan,nan,nan,nan,nan,nan,nan,nan,nan,0.6770403789259887,nan,nan,nan,nan,nan,nan,-0.1384280570179489,nan,nan,nan,nan,nan,-0.726307217261084,0.860648908580484,nan,nan,-0.6731128216577512,nan,0.7813159462619296,nan,-0.07348352363868813,nan,0.7137096331381648,nan,nan,nan,nan,0.02076666802469477,0.8618352477889634,0.8628104354115712,nan,0.9305342944315,nan,-0.694362611275685,nan,nan,0.9048910130838661,nan,nan
mdc_90044637c94671be,nan,0.7700319446706934,0.6268895005826126,nan,0.700305968231388,0.7714696711802781,0.3729642348943349,0.7661432387817145,nan,nan,nan,nan,0.7159344444779726,0.6329767556967911,nan,nan,nan,nan,0.7995757494683754,nan,0.9487295466090371,0.76239980686397,0.9530401449066412,nan,nan,nan,nan,0.3960945395329955,nan,0.6766026373465717,nan,0.025112534582539637,nan,nan,nan,nan,0.7902331616387578,nan,0.7928232778350499,nan,nan,0.623618386253027,0.6925502578311846,nan,nan,nan,0.6613804736390826,0.753727592256132,0.5776738105256107,nan,nan,nan,0.6968348670435853,nan,nan,nan,0.3502971035705513,nan,0.3981672210563,nan,0.7915180488445396,0.41575320954462575,nan,0.6502894396864723,0.5776738105256107,0.7973519050909542,0.3502971035705513,nan,0.470487927769147,nan,0.5731353413013595,0.6528803901911324,0.470487927769147,nan,1.0,nan,nan,nan,nan,0.742617827083591,0.7269245369968873,nan,0.2889740297664844,0.7823645918648733,0.6644321407220135,nan,0.39609453953299556,nan,0.6821057862014958,nan,nan,0.7851499909326938,0.7197991214103452,0.6968348670435853,0.3981672210562999,0.6221623953126991,nan,0.5870071738550969,0.7940881827183986,nan,nan,nan,nan,nan,nan,0.3729642348943349,nan,0.7581772419041937,nan,0.569318853141907,nan,0.7482376148168929,nan,0.41575320954462575,0.7197991214103452,0.7547779146969444,0.6221623953126991,nan,nan,nan,0.6330452234193669,nan,0.6846525895606169,nan,0.6796560947072775,0.7317670128211077,nan,nan,0.6822272956073397
mdc_953ada34cefc6465,nan,nan,nan,-0.36619582930640127,nan,nan,nan,nan,0.2155477710924069,nan,-0.17797161219099003,0.8167254452226637,nan,nan,-0.14304848643632817,-0.17797161219099003,0.11521731485750113,-0.2665740026828128,nan,nan,nan,nan,nan,0.9583176196274549,0.41420415095352625,nan,-0.4220098265258313,nan,nan,nan,nan,nan,0.3694016047187196,nan,nan,nan,nan,nan,nan,nan,nan,nan,nan,nan,0.9218597388967451,0.42423015959603855,nan,nan,nan,-0.17797161219099003,0.25118559896418874,0.8495734059457292,nan,1.0,nan,nan,nan,nan,nan,nan,nan,nan,nan,nan,nan,nan,nan,nan,nan,nan,nan,nan,nan,nan,nan,1.0,-0.26971927128566153,nan,nan,nan,nan,0.8495734059457292,nan,nan,nan,0.9735458858902213,nan,-0.18264902063326593,nan,nan,1.0,nan,nan,nan,nan,nan,nan,nan,nan,-0.26971927128566153,0.4242301595960385,0.25118559896418874,nan,nan,0.4242301595960385,nan,nan,nan,nan,nan,nan,nan,nan,nan,nan,nan,nan,nan,nan,nan,nan,nan,nan,nan,nan,nan,nan,-0.4395043164631826,nan
mdc_97e5cdb98ab5a15d,nan,nan,nan,0.9290812977574481,nan,nan,nan,nan,0.6105668406411799,nan,0.9383944282877913,-0.13533412909122494,nan,nan,0.9271505332925687,0.9383944282877913,0.8085792605599614,0.9900825683832628,nan,nan,nan,nan,nan,-0.3134058167256663,0.6544990292687997,nan,0.937814331928761,nan,nan,nan,nan,nan,0.6875538794915521,nan,nan,nan,nan,nan,nan,nan,nan,nan,nan,nan,-0.318140488575855,0.7049562748572118,nan,nan,nan,0.9383944282877913,0.8162862008061837,-0.16700793456695343,nan,-0.26971927128566153,nan,nan,nan,nan,nan,nan,nan,nan,nan,nan,nan,nan,nan,nan,nan,nan,nan,nan,nan,nan,nan,-0.26971927128566153,1.0,nan,nan,nan,nan,-0.16700793456695345,nan,nan,nan,-0.2874302905058331,nan,0.9510942514968707,nan,nan,-0.26971927128566153,nan,nan,nan,nan,nan,nan,nan,nan,1.0,0.7049562748572117,0.8162862008061837,nan,nan,0.7049562748572117,nan,nan,nan,nan,nan,nan,nan,nan,nan,nan,nan,nan,nan,nan,nan,nan,nan,nan,nan,nan,nan,nan,0.9023139952721329,nan
mdc_98600cc3f61ce0d1,0.9163087133857766,nan,nan,nan,nan,nan,nan,nan,nan,0.7791832755699469,nan,nan,nan,nan,nan,nan,nan,nan,nan,0.8407587012026895,nan,nan,nan,nan,nan,-0.3535868103557247,nan,nan,0.30826992730100095,nan,0.8388964247356594,nan,nan,0.39477953134800503,0.8155956802405973,0.7143444466381796,nan,0.38488039629509135,nan,0.766330326467763,0.6784117795896676,nan,nan,0.81664885255495,nan,nan,nan,nan,nan,nan,nan,nan,nan,nan,0.9283854048483212,0.8884225310658134,nan,0.7553138678414824,nan,0.7782123591086495,nan,nan,0.8072348851758984,nan,nan,nan,nan,0.7714392146109352,nan,0.8884225310658134,nan,nan,nan,0.7274578104208616,nan,nan,nan,1.0,0.4212595385391592,nan,nan,nan,nan,nan,nan,nan,nan,nan,nan,0.8417728174508485,nan,nan,nan,nan,nan,nan,0.3320943206964236,nan,nan,nan,nan,nan,-0.41071228752373334,0.7877430045228011,nan,nan,-0.35358681035572465,nan,0.7638218247648204,nan,0.3387745903923969,nan,0.9503615545186049,nan,nan,nan,nan,0.4212595385391592,0.7788768457951981,0.7953836579022571,nan,0.7322022196434589,nan,-0.36466051463020915,nan,nan,0.5537176122318757,nan,nan
mdc_99aa952c5d5f6ff7,0.3573621226680932,nan,nan,nan,nan,nan,nan,nan,nan,-0.0750441591196857,nan,nan,nan,nan,nan,nan,nan,nan,nan,-0.0021666464917649555,nan,nan,nan,nan,nan,0.6375917858355364,nan,nan,0.6873639301929297,nan,-0.006733417156175733,nan,nan,0.8472291132810278,-0.06139318302717792,-0.016818814349876338,nan,0.3165431280293337,nan,0.00852599081423475,-0.18417032055020077,nan,nan,0.07749363793223096,nan,nan,nan,nan,nan,nan,nan,nan,nan,nan,0.6157540999858397,0.6467844790607671,nan,-0.1052060883205313,nan,-0.09025807885533071,nan,nan,-0.07163694937314084,nan,nan,nan,nan,-0.08890937627443701,nan,0.6467844790607671,nan,nan,nan,0.02076666802469477,nan,nan,nan,0.4212595385391592,1.0,nan,nan,nan,nan,nan,nan,nan,nan,nan,nan,0.254758379277761,nan,nan,nan,nan,nan,nan,0.5139831069071821,nan,nan,nan,nan,nan,0.5160018665064258,-0.08023018253046851,nan,nan,0.6375917858355364,nan,0.004099849779553305,nan,0.6264484910403822,nan,0.5132837015833664,nan,nan,nan,nan,1.0,-0.09902499792554295,-0.07896009722914626,nan,-0.05711486171843547,nan,0.5875188602813702,nan,nan,-0.2699177000317535,nan,nan
mdc_9a206dcb98dd1c00,nan,0.8809083564740092,0.733938117803629,nan,0.7907267571627399,0.852799825374555,0.6632678673578469,0.8953815499385586,nan,nan,nan,nan,0.9156260668500279,0.8897272065262003,nan,nan,nan,nan,0.8905474014159821,nan,0.7180821393042826,0.8352979370227382,0.7743530167639902,nan,nan,nan,nan,0.6432473033861936,nan,0.7250963556568316,nan,0.40644078711690396,nan,nan,nan,nan,0.8925888177766671,nan,0.8869063624491941,nan,nan,0.8875056366796796,0.9510728572783249,nan,nan,nan,0.8145533835908507,0.8666302464736332,0.8747477233706445,nan,nan,nan,0.9583212721143071,nan,nan,nan,0.6286312956140123,nan,0.6305976826142278,nan,0.8875621967142073,0.7120340398338463,nan,0.9130792735616892,0.8747477233706445,0.8528557917658255,0.6286312956140123,nan,0.7411554748717274,nan,0.8669264794158567,0.9129233317807466,0.7411554748717274,nan,0.742617827083591,nan,nan,nan,nan,1.0,0.9599817508038218,nan,0.23010804641387847,0.8711234171888702,0.9249584282365071,nan,0.6432473033861936,nan,0.9345173418213472,nan,nan,0.8580653273294553,0.9577831317526619,0.9583212721143072,0.6305976826142278,0.9056147888759025,nan,0.6886420975001577,0.8841981858547415,nan,nan,nan,nan,nan,nan,0.6632678673578468,nan,0.8146068652624165,nan,0.8519986949311665,nan,0.8319708227845835,nan,0.7120340398338462,0.9577831317526619,0.8583801613431444,0.9056147888759025,nan,nan,nan,0.8900292234205868,nan,0.9357006582788143,nan,0.9197395914717212,0.8632420763675044,nan,nan,0.650573217379257
mdc_9e12ffb84cd61f2b,nan,0.8788186651515937,0.7217399224184267,nan,0.7782325489229857,0.8675521293575919,0.691693554361303,0.9029628088688026,nan,nan,nan,nan,0.9012209682823035,0.9104568290525966,nan,nan,nan,nan,0.8982842008787512,nan,0.6986425565259144,0.8350925556936436,0.7556293084162227,nan,nan,nan,nan,0.6473953874303899,nan,0.7149028701089138,nan,0.45362977393954035,nan,nan,nan,nan,0.8982363257873082,nan,0.8921900266270646,nan,nan,0.9073773895174055,0.9331045183223414,nan,nan,nan,0.76248120886455,0.8705532662596301,0.8656554527732854,nan,nan,nan,0.9284145663286901,nan,nan,nan,0.6360442047643754,nan,0.6410030019658897,nan,0.8923348473367665,0.735603758191891,nan,0.8988652122911327,0.8656554527732854,0.8505236178228409,0.6360442047643754,nan,0.763103936417203,nan,0.8694030071154537,0.8960107718042962,0.763103936417203,nan,0.7269245369968873,nan,nan,nan,nan,0.9599817508038218,1.0,nan,0.24512497646461354,0.8781046616154724,0.9299789519677601,nan,0.6473953874303899,nan,0.9386372596748519,nan,nan,0.8709148855150807,0.9869460216763091,0.92841456632869,0.6410030019658897,0.8845772256928119,nan,0.6997016266061256,0.8936442829550386,nan,nan,nan,nan,nan,nan,0.691693554361303,nan,0.8206101213413626,nan,0.8547358513347657,nan,0.8426004168852375,nan,0.735603758191891,0.9869460216763091,0.8573634240459089,0.8845772256928119,nan,nan,nan,0.9106584035945943,nan,0.9209066328960313,nan,0.904540418262234,0.875457830910101,nan,nan,0.658544881506861
mdc_9e477e1d1e8166cf,nan,nan,nan,-0.390433036336964,nan,nan,nan,nan,0.07398996537608944,nan,-0.26776687848717995,0.9701991485093296,nan,nan,-0.21770664257221603,-0.26776687848717995,0.31410681370709914,-0.15894804032893078,nan,nan,nan,nan,nan,0.8392911574380729,0.33876137431038295,nan,-0.319743643784451,nan,nan,nan,nan,nan,0.2678573088850284,nan,nan,nan,nan,nan,nan,nan,nan,nan,nan,nan,0.8185684209777735,0.25314446343875235,nan,nan,nan,-0.26776687848717995,0.4332086612968208,1.0,nan,0.8495734059457292,nan,nan,nan,nan,nan,nan,nan,nan,nan,nan,nan,nan,nan,nan,nan,nan,nan,nan,nan,nan,nan,0.8495734059457292,-0.16700793456695345,nan,nan,nan,nan,1.0,nan,nan,nan,0.8423459847614072,nan,-0.21933083166282236,nan,nan,0.8495734059457292,nan,nan,nan,nan,nan,nan,nan,nan,-0.16700793456695343,0.25314446343875235,0.4332086612968208,nan,nan,0.25314446343875235,nan,nan,nan,nan,nan,nan,nan,nan,nan,nan,nan,nan,nan,nan,nan,nan,nan,nan,nan,nan,nan,nan,-0.2863873741267419,nan
mdc_a0f769fc20835273,nan,0.3494260603651624,0.22058888045921704,nan,0.21658003115717137,0.3329772025395774,0.10003120063137451,0.2702402229083373,nan,nan,nan,nan,0.2027542858207619,0.204668140452217,nan,nan,nan,nan,0.30747171346431945,nan,0.25890034420078545,0.39345008369843326,0.26268613496209053,nan,nan,nan,nan,0.13297505025626488,nan,0.3297333475585606,nan,-0.08767390287549263,nan,nan,nan,nan,0.32804312310117417,nan,0.31965815351846055,nan,nan,0.15936924817531603,0.16384691717006547,nan,nan,nan,0.2556812529985999,0.2643416788157321,0.18652795240073644,nan,nan,nan,0.19354641806934889,nan,nan,nan,0.19948666144896127,nan,0.1435470704641788,nan,0.32704215999119335,0.1765152516855215,nan,0.19018915607150597,0.18652795240073644,0.4036057210288866,0.19948666144896127,nan,0.1234372019525163,nan,0.1853230401717896,0.1294010356465864,0.1234372019525163,nan,0.2889740297664844,nan,nan,nan,nan,0.23010804641387847,0.24512497646461354,nan,1.0,0.276634936522866,0.20353324696357114,nan,0.13297505025626485,nan,0.19476801808777552,nan,nan,0.30925016181827936,0.25234629340087,0.19354641806934886,0.1435470704641788,0.17099818200767172,nan,0.2764100817406244,0.3038434897527572,nan,nan,nan,nan,nan,nan,0.1000312006313745,nan,0.3010140314022677,nan,0.12405760958792138,nan,0.2993933692894746,nan,0.17651525168552154,0.25234629340087,0.29595804218417937,0.17099818200767172,nan,nan,nan,0.20490626593038264,nan,0.13268769111691722,nan,0.15741862146399518,0.24895366411337094,nan,nan,0.3422261752983298
mdc_a1d5ba23cce99ff9,nan,0.9279034106952753,0.7755832349559337,nan,0.8555936787036293,0.9400558862071349,0.6538506810221079,0.9499840334533685,nan,nan,nan,nan,0.8495020690748741,0.8092284221939576,nan,nan,nan,nan,0.9641627176214428,nan,0.7408533385818669,0.8916134276902412,0.7929048408303813,nan,nan,nan,nan,0.5993258423969079,nan,0.7669421909036613,nan,0.23156990692792465,nan,nan,nan,nan,0.9521783263356198,nan,0.9566467174269107,nan,nan,0.8006999708074036,0.827762164003234,nan,nan,nan,0.7133239555259282,0.9733261449891711,0.7463843451218161,nan,nan,nan,0.8255874216132354,nan,nan,nan,0.5833711826757586,nan,0.5838049964833858,nan,0.9577416108924338,0.7009358933127545,nan,0.8147507200906586,0.7463843451218161,0.9238224620812423,0.5833711826757586,nan,0.7284527987113979,nan,0.7531909988510098,0.8212473174815522,0.7284527987113979,nan,0.7823645918648733,nan,nan,nan,nan,0.8711234171888702,0.8781046616154724,nan,0.276634936522866,1.0,0.8311486814910388,nan,0.5993258423969079,nan,0.8704446251825709,nan,nan,0.9404452348837753,0.8647617298859527,0.8255874216132354,0.5838049964833857,0.7647742502546405,nan,0.8398584703239566,0.9570468849815836,nan,nan,nan,nan,nan,nan,0.6538506810221077,nan,0.8785419608432462,nan,0.7542046611928882,nan,0.9055792724577865,nan,0.7009358933127545,0.8647617298859527,0.9484530180074203,0.7647742502546405,nan,nan,nan,0.8085852114519639,nan,0.7931421032463851,nan,0.7818203883717822,0.7957372763002425,nan,nan,0.6930396896096326
mdc_a559a88331a8ceed,nan,0.8692865254458678,0.7126721386691544,nan,0.7632637051667821,0.8348980051110019,0.7208398614552978,0.8714264146777014,nan,nan,nan,nan,0.8569890234101502,0.9434549919616827,nan,nan,nan,nan,0.8633516515718554,nan,0.6551793360556251,0.7987520119945168,0.6946954459023433,nan,nan,nan,nan,0.6811088754801902,nan,0.6780092099272632,nan,0.4718602481213847,nan,nan,nan,nan,0.866490422481629,nan,0.8653586500235427,nan,nan,0.9287940649248537,0.9185538752298944,nan,nan,nan,0.7606722962047863,0.8300627367673216,0.8439079478503575,nan,nan,nan,0.9009009596231283,nan,nan,nan,0.6596789552676793,nan,0.6693786971570973,nan,0.8582302393495522,0.7681241447760151,nan,0.9560277916435761,0.8439079478503575,0.8179319577927882,0.6596789552676793,nan,0.7970357641230076,nan,0.8999814530311978,0.8801510520099497,0.7970357641230076,nan,0.6644321407220135,nan,nan,nan,nan,0.9249584282365071,0.9299789519677601,nan,0.20353324696357114,0.8311486814910388,1.0,nan,0.6811088754801903,nan,0.9018253260368668,nan,nan,0.8365310108290525,0.9236195165241773,0.9009009596231282,0.6693786971570973,0.8752243046155789,nan,0.7155650585223248,0.8588744555969879,nan,nan,nan,nan,nan,nan,0.7208398614552978,nan,0.8107695576592258,nan,0.9087914652013236,nan,0.8101863098860638,nan,0.7681241447760152,0.9236195165241773,0.8390496328726184,0.8752243046155789,nan,nan,nan,0.9439244264851582,nan,0.9138614319464046,nan,0.8938712551998542,0.854654869783233,nan,nan,0.612633432417303
mdc_a627de466de38e08,nan,nan,nan,-0.3822862397129997,nan,nan,nan,nan,0.1859898368611899,nan,-0.2079975564019993,0.8220064463517771,nan,nan,-0.17062552659082666,-0.2079975564019993,0.11089671661525544,-0.28155667529487516,nan,nan,nan,nan,nan,0.9804299286424193,0.4217840458116178,nan,-0.42415400798421593,nan,nan,nan,nan,nan,0.35795061603144673,nan,nan,nan,nan,nan,nan,nan,nan,nan,nan,nan,0.9630305734326872,0.38104369416988776,nan,nan,nan,-0.2079975564019993,0.2307610146097521,0.8423459847614072,nan,0.9735458858902213,nan,nan,nan,nan,nan,nan,nan,nan,nan,nan,nan,nan,nan,nan,nan,nan,nan,nan,nan,nan,nan,0.9735458858902213,-0.2874302905058331,nan,nan,nan,nan,0.8423459847614072,nan,nan,nan,1.0,nan,-0.2000635209286905,nan,nan,0.9735458858902213,nan,nan,nan,nan,nan,nan,nan,nan,-0.2874302905058331,0.38104369416988776,0.23076101460975207,nan,nan,0.38104369416988776,nan,nan,nan,nan,nan,nan,nan,nan,nan,nan,nan,nan,nan,nan,nan,nan,nan,nan,nan,nan,nan,nan,-0.4444675313317882,nan
mdc_a9c8937e1959621a,nan,0.6052064535733024,0.4760746854136525,nan,0.5380367663750144,0.556714076187645,0.9008813730449761,0.5969611759952569,nan,nan,nan,nan,0.6688353353724946,0.6208108167771599,nan,nan,nan,nan,0.5645486970056539,nan,0.39227601217804553,0.4552976175142618,0.42557922043063656,nan,nan,nan,nan,0.9999999999999999,nan,0.35996427324254404,nan,0.419627524042389,nan,nan,nan,nan,0.6079080871697607,nan,0.582186792106319,nan,nan,0.6359503618275253,0.667742773527895,nan,nan,nan,0.4460815106542026,0.575467533032762,0.6447150917143806,nan,nan,nan,0.6524012690724491,nan,nan,nan,0.950666715537078,nan,0.9744093913571135,nan,0.5803009547053262,0.8714946360629128,nan,0.6923097961824154,0.6447150917143806,0.5279193359215898,0.950666715537078,nan,0.8339383815258741,nan,0.672613584557996,0.6666148248495397,0.8339383815258741,nan,0.39609453953299556,nan,nan,nan,nan,0.6432473033861936,0.6473953874303899,nan,0.13297505025626485,0.5993258423969079,0.6811088754801903,nan,0.9999999999999999,nan,0.6684660201291527,nan,nan,0.5299981646334383,0.6418309960547048,0.6524012690724491,0.9744093913571135,0.658782242959838,nan,0.6682924898959864,0.5752778298834216,nan,nan,nan,nan,nan,nan,0.900881373044976,nan,0.5467589283628357,nan,0.6860409014221635,nan,0.5200058147631378,nan,0.8714946360629127,0.6418309960547048,0.596436941718595,0.658782242959838,nan,nan,nan,0.6206268816978963,nan,0.7008597104838779,nan,0.7243123171418028,0.5679445075321332,nan,nan,0.28633935873124533
mdc_aa25caf5a0a04dc2,nan,nan,nan,0.9620276164789477,nan,nan,nan,nan,0.6852039480553686,nan,0.9786066842966556,-0.17441592558327376,nan,nan,0.9900873983809029,0.9786066842966556,0.7485870712775412,0.9490247942066661,nan,nan,nan,nan,nan,-0.2322657552019032,0.747825813892681,nan,0.9138981658997767,nan,nan,nan,nan,nan,0.7942319291433686,nan,nan,nan,nan,nan,nan,nan,nan,nan,nan,nan,-0.24431341771797116,0.7931594060273492,nan,nan,nan,0.9786066842966556,0.7409251556471832,-0.21933083166282236,nan,-0.18264902063326593,nan,nan,nan,nan,nan,nan,nan,nan,nan,nan,nan,nan,nan,nan,nan,nan,nan,nan,nan,nan,nan,-0.18264902063326593,0.9510942514968707,nan,nan,nan,nan,-0.21933083166282236,nan,nan,nan,-0.2000635209286905,nan,1.0,nan,nan,-0.18264902063326596,nan,nan,nan,nan,nan,nan,nan,nan,0.9510942514968707,0.7931594060273494,0.7409251556471833,nan,nan,0.7931594060273494,nan,nan,nan,nan,nan,nan,nan,nan,nan,nan,nan,nan,nan,nan,nan,nan,nan,nan,nan,nan,nan,nan,0.8436584227946626,nan
mdc_abe08fe96756a464,nan,0.8638381114935838,0.6984174842543227,nan,0.7759116672353764,0.8181979929972909,0.7118402710007561,0.8648964569508623,nan,nan,nan,nan,0.8804771236995838,0.8780570497843084,nan,nan,nan,nan,0.8566647716631556,nan,0.6674147144878227,0.7909252853569597,0.7183865474735104,nan,nan,nan,nan,0.6684660201291527,nan,0.6493747736026764,nan,0.46138770851485134,nan,nan,nan,nan,0.8513806335259599,nan,0.8539620068354317,nan,nan,0.8761861885470017,0.9258836815105836,nan,nan,nan,0.7695743417338237,0.8575020942779794,0.8494420278414999,nan,nan,nan,0.8971787310034677,nan,nan,nan,0.6542888985024358,nan,0.6648841759709576,nan,0.8516380716552349,0.7484380481894215,nan,0.8903849869729298,0.8494420278414999,0.8030835713885756,0.6542888985024358,nan,0.7848138171680831,nan,0.8607329059218872,0.9232998011684331,0.7848138171680831,nan,0.6821057862014958,nan,nan,nan,nan,0.9345173418213472,0.9386372596748519,nan,0.19476801808777552,0.8704446251825709,0.9018253260368668,nan,0.6684660201291527,nan,1.0,nan,nan,0.8271073906702191,0.9310810306927673,0.8971787310034677,0.6648841759709575,0.8665235601378016,nan,0.6924571817350884,0.8493287126778707,nan,nan,nan,nan,nan,nan,0.7118402710007562,nan,0.7983009355469519,nan,0.8404238386359782,nan,0.7988886686494239,nan,0.7484380481894215,0.9310810306927673,0.8274559764758281,0.8665235601378016,nan,nan,nan,0.8774915670726824,nan,0.9112398837776042,nan,0.8978787133916499,0.8625529469946469,nan,nan,0.5973066998857025
mdc_acce1385a9b57a3c,0.8008239644103047,nan,nan,nan,nan,nan,nan,nan,nan,0.816543054757196,nan,nan,nan,nan,nan,nan,nan,nan,nan,0.76394686295528,nan,nan,nan,nan,nan,-0.4877132333050195,nan,nan,0.12662467097706478,nan,0.7807943495806433,nan,nan,0.18965074564091317,0.8434544207947136,0.6555994620235259,nan,0.29932606564444814,nan,0.9452159677200906,0.3592022144866503,nan,nan,0.8391251313081255,nan,nan,nan,nan,nan,nan,nan,nan,nan,nan,0.8229674780461063,0.8431936479600256,nan,0.8389032595172298,nan,0.8346258761248923,nan,nan,0.8375230732628133,nan,nan,nan,nan,0.8182377608026045,nan,0.8431936479600256,nan,nan,nan,0.6770403789259887,nan,nan,nan,0.8417728174508485,0.254758379277761,nan,nan,nan,nan,nan,nan,nan,nan,nan,nan,0.9999999999999999,nan,nan,nan,nan,nan,nan,0.13914782469143858,nan,nan,nan,nan,nan,-0.4738577656071877,0.7946394584936545,nan,nan,-0.4877132333050194,nan,0.8168460224954753,nan,0.2888004861864249,nan,0.813573491995959,nan,nan,nan,nan,0.25475837927776096,0.8666683018776066,0.8003780629755787,nan,0.6835224870523094,nan,-0.471350414935007,nan,nan,0.7472400763032254,nan,nan
mdc_ad786dac3c66daeb,nan,nan,nan,-0.36619582930640127,nan,nan,nan,nan,0.2155477710924069,nan,-0.17797161219099003,0.8167254452226637,nan,nan,-0.14304848643632817,-0.17797161219099003,0.11521731485750113,-0.2665740026828128,nan,nan,nan,nan,nan,0.9583176196274549,0.41420415095352625,nan,-0.4220098265258313,nan,nan,nan,nan,nan,0.3694016047187196,nan,nan,nan,nan,nan,nan,nan,nan,nan,nan,nan,0.9218597388967451,0.42423015959603855,nan,nan,nan,-0.17797161219099003,0.25118559896418874,0.8495734059457292,nan,1.0,nan,nan,nan,nan,nan,nan,nan,nan,nan,nan,nan,nan,nan,nan,nan,nan,nan,nan,nan,nan,nan,1.0,-0.26971927128566153,nan,nan,nan,nan,0.8495734059457292,nan,nan,nan,0.9735458858902213,nan,-0.18264902063326596,nan,nan,1.0,nan,nan,nan,nan,nan,nan,nan,nan,-0.26971927128566153,0.4242301595960385,0.25118559896418874,nan,nan,0.4242301595960385,nan,nan,nan,nan,nan,nan,nan,nan,nan,nan,nan,nan,nan,nan,nan,nan,nan,nan,nan,nan,nan,nan,-0.4395043164631826,nan
mdc_b096b26d1e958125,nan,0.9376737172410587,0.8051437857352419,nan,0.8453860813148648,0.961611213745824,0.6043581321894895,0.9604424229125651,nan,nan,nan,nan,0.8148017537707367,0.825182456693754,nan,nan,nan,nan,0.977722233974429,nan,0.7488392048968451,0.9457408012836841,0.7953988716163279,nan,nan,nan,nan,0.5299981646334383,nan,0.8223724796680416,nan,0.22925620652590203,nan,nan,nan,nan,0.961712526855412,nan,0.9739162826523887,nan,nan,0.7936369894586864,0.8101289829925145,nan,nan,nan,0.7268619143139181,0.9446988238006512,0.7242699131754273,nan,nan,nan,0.8160575805595883,nan,nan,nan,0.5158358749104096,nan,0.5189854286386145,nan,0.9817428203727816,0.6479206728945993,nan,0.8099939177870024,0.7242699131754273,0.9665148616120439,0.5158358749104096,nan,0.6777813466774691,nan,0.7490925865835588,0.7920909162841675,0.6777813466774691,nan,0.7851499909326938,nan,nan,nan,nan,0.8580653273294553,0.8709148855150807,nan,0.30925016181827936,0.9404452348837753,0.8365310108290525,nan,0.5299981646334383,nan,0.8271073906702191,nan,nan,1.0,0.8642197246981865,0.8160575805595883,0.5189854286386144,0.7593713586520668,nan,0.8266706888382281,0.9840250732609659,nan,nan,nan,nan,nan,nan,0.6043581321894895,nan,0.9119842303410016,nan,0.7559080156515637,nan,0.9182624393445268,nan,0.6479206728945994,0.8642197246981865,0.95128820309867,0.7593713586520668,nan,nan,nan,0.8245439390399608,nan,0.7688130348109647,nan,0.7460738229804336,0.8173560386780222,nan,nan,0.7956582680917732
mdc_b3ce27310db4b598,nan,0.8717502353003794,0.7252169475663393,nan,0.7776274405142397,0.8570723312197485,0.6650201033871628,0.8884185232951127,nan,nan,nan,nan,0.9015189222725374,0.9058539685960708,nan,nan,nan,nan,0.889972971418397,nan,0.6942039745407468,0.8370978420740396,0.7523641986587752,nan,nan,nan,nan,0.6418309960547048,nan,0.7066573764600915,nan,0.4461005600914498,nan,nan,nan,nan,0.8903190721520599,nan,0.8842916986363316,nan,nan,0.9059019583624749,0.9227057668296911,nan,nan,nan,0.75364129894681,0.8571312748331303,0.8667655635004781,nan,nan,nan,0.9330721887163772,nan,nan,nan,0.6385395325212745,nan,0.6355446009540983,nan,0.8866513401489156,0.7173324061964834,nan,0.8922144597641375,0.8667655635004781,0.8511540016601317,0.6385395325212745,nan,0.7514142990305349,nan,0.8692339355734926,0.878272768224762,0.7514142990305349,nan,0.7197991214103452,nan,nan,nan,nan,0.9577831317526619,0.9869460216763091,nan,0.25234629340087,0.8647617298859527,0.9236195165241773,nan,0.6418309960547048,nan,0.9310810306927673,nan,nan,0.8642197246981865,1.0,0.9330721887163773,0.6355446009540983,0.8845523276956586,nan,0.6931092559119643,0.8867521710012289,nan,nan,nan,nan,nan,nan,0.6650201033871628,nan,0.8070278049134949,nan,0.8368740582312721,nan,0.8283310581686266,nan,0.7173324061964834,1.0,0.8476363789723111,0.8845523276956586,nan,nan,nan,0.9063349645230286,nan,0.918304884615253,nan,0.9088300844915617,0.8622281004304978,nan,nan,0.6676244272848038
mdc_b51bdd16328fe2cc,nan,0.8362221475716626,0.7109969335056523,nan,0.7709755530057745,0.8176614089539933,0.6543593516213533,0.857288525942681,nan,nan,nan,nan,0.9324480114253231,0.8696842439239638,nan,nan,nan,nan,0.8471360913277093,nan,0.6800942322312016,0.7868350891094099,0.7300036363146604,nan,nan,nan,nan,0.6524012690724491,nan,0.7043663780373275,nan,0.40339125184017616,nan,nan,nan,nan,0.8492725485069132,nan,0.8457939946834314,nan,nan,0.8584001770896847,0.9344128734746278,nan,nan,nan,0.7832786903795075,0.8284670315850547,0.8862985563453865,nan,nan,nan,1.0,nan,nan,nan,0.6372166232306881,nan,0.6384489358219088,nan,0.8445575896404707,0.6941527785068985,nan,0.8962341797423233,0.8862985563453865,0.7991006251813159,0.6372166232306881,nan,0.7359014293541419,nan,0.8714551811385576,0.9151029475117044,0.7359014293541419,nan,0.6968348670435853,nan,nan,nan,nan,0.9583212721143072,0.92841456632869,nan,0.19354641806934886,0.8255874216132354,0.9009009596231282,nan,0.6524012690724491,nan,0.8971787310034677,nan,nan,0.8160575805595883,0.9330721887163773,1.0,0.6384489358219088,0.9177068009311993,nan,0.6394952727784334,0.8453817020258714,nan,nan,nan,nan,nan,nan,0.6543593516213533,nan,0.761459609809919,nan,0.8486821938056998,nan,0.7842441798958474,nan,0.6941527785068985,0.9330721887163772,0.8127797955252717,0.9177068009311993,nan,nan,nan,0.8702320620925355,nan,0.93037991073984,nan,0.9220838479346929,0.8126727397187326,nan,nan,0.6361810323430581
mdc_b6dfe91842845346,nan,0.5948276252436903,0.46420644217572965,nan,0.5339260586512443,0.5473966588168343,0.8762439241870515,0.5838919512118403,nan,nan,nan,nan,0.6680937175366033,0.6101341506186639,nan,nan,nan,nan,0.5502482057107143,nan,0.4062558454783181,0.4455337849039749,0.4253627283133788,nan,nan,nan,nan,0.9744093913571135,nan,0.34357219328082766,nan,0.4401634566698091,nan,nan,nan,nan,0.5942662573138151,nan,0.5672821194922366,nan,nan,0.6212606855524222,0.6492450541453009,nan,nan,nan,0.4477934574309138,0.5593953029014371,0.6277544792113665,nan,nan,nan,0.6384489358219088,nan,nan,nan,0.9569505156070853,nan,1.0,nan,0.5704342211285572,0.8567684429153727,nan,0.6704970278574043,0.6277544792113665,0.5207840785520464,0.9569505156070853,nan,0.8140240687604755,nan,0.6568326164544572,0.6529837822467564,0.8140240687604755,nan,0.3981672210562999,nan,nan,nan,nan,0.6305976826142278,0.6410030019658897,nan,0.1435470704641788,0.5838049964833857,0.6693786971570973,nan,0.9744093913571135,nan,0.6648841759709575,nan,nan,0.5189854286386144,0.6355446009540983,0.6384489358219088,1.0,0.6455517907501268,nan,0.6447819211916277,0.566372074745029,nan,nan,nan,nan,nan,nan,0.8762439241870517,nan,0.5454552823863523,nan,0.6648936685992128,nan,0.518612355164871,nan,0.8567684429153726,0.6355446009540983,0.582600145766419,0.6455517907501268,nan,nan,nan,0.6099270651102188,nan,0.6916842475162673,nan,0.7233348614859542,0.5723978762875268,nan,nan,0.29442311920311226
mdc_b91907ea7dd79a88,nan,0.7783436750750686,0.6589959135979988,nan,0.7283198861560405,0.7635223044481542,0.6724557727794063,0.7898876912652188,nan,nan,nan,nan,0.8813169068499676,0.8335114865160822,nan,nan,nan,nan,0.7802523081361885,nan,0.5890355915972212,0.7381922125392743,0.650770720943087,nan,nan,nan,nan,0.658782242959838,nan,0.6378303928912915,nan,0.460502216849641,nan,nan,nan,nan,0.7908083120799259,nan,0.7877103237330814,nan,nan,0.836538882502803,0.9399684207918907,nan,nan,nan,0.7172412409640537,0.7652108494087763,0.9464885038222156,nan,nan,nan,0.9177068009311993,nan,nan,nan,0.6437265753663997,nan,0.6455517907501268,nan,0.7878543978259489,0.7090604625798836,nan,0.878169619267,0.9464885038222156,0.7398661762024764,0.6437265753663997,nan,0.7324791044098543,nan,0.8404434366361953,0.8762292506713785,0.7324791044098543,nan,0.6221623953126991,nan,nan,nan,nan,0.9056147888759025,0.8845772256928119,nan,0.17099818200767172,0.7647742502546405,0.8752243046155789,nan,0.658782242959838,nan,0.8665235601378016,nan,nan,0.7593713586520668,0.8845523276956586,0.9177068009311993,0.6455517907501268,1.0,nan,0.6095709837625581,0.7818345572768998,nan,nan,nan,nan,nan,nan,0.6724557727794063,nan,0.7225328705052925,nan,0.8729466779197195,nan,0.7430468498506676,nan,0.7090604625798835,0.8845523276956585,0.7516566829220037,1.0,nan,nan,nan,0.833866818643083,nan,0.9270134135475787,nan,0.9127695522628315,0.7718492928984393,nan,nan,0.5632760188570218
mdc_b92e8a4f0ef50e68,0.14573772536948779,nan,nan,nan,nan,nan,nan,nan,nan,-0.08272435357862629,nan,nan,nan,nan,nan,nan,nan,nan,nan,0.0062428284832108435,nan,nan,nan,nan,nan,0.42519407170148105,nan,nan,0.8586984845175251,nan,0.004730203715892975,nan,nan,0.6886410958548191,-0.05598684370173969,-0.20902549153682373,nan,-0.07488286765309798,nan,0.016799889267371346,-0.25135591682888153,nan,nan,0.07161813353289084,nan,nan,nan,nan,nan,nan,nan,nan,nan,nan,0.29765150207256696,0.23592818345431638,nan,-0.1133272440691789,nan,-0.0983111938388634,nan,nan,-0.05499162642733489,nan,nan,nan,nan,-0.02065499049624607,nan,0.23592818345431638,nan,nan,nan,-0.1384280570179489,nan,nan,nan,0.3320943206964236,0.5139831069071821,nan,nan,nan,nan,nan,nan,nan,nan,nan,nan,0.13914782469143858,nan,nan,nan,nan,nan,nan,1.0,nan,nan,nan,nan,nan,0.45970370936421157,-0.08818903025606288,nan,nan,0.42519407170148105,nan,0.0031688780252859023,nan,0.7918774357011641,nan,0.30552185948375377,nan,nan,nan,nan,0.5139831069071821,-0.08883558015997015,-0.0829663366661323,nan,-0.1920244847654825,nan,0.4718170460143972,nan,nan,-0.23918946811996278,nan,nan
mdc_ba43d333e738b158,nan,0.8041551163837103,0.7248387286173562,nan,0.7597379791544377,0.8345234872520071,0.738512082757561,0.8261730119413823,nan,nan,nan,nan,0.6721533195909927,0.6954186485028703,nan,nan,nan,nan,0.8364899510614199,nan,0.559993564844574,0.7522308142496709,0.5932169804665102,nan,nan,nan,nan,0.6682924898959864,nan,0.6522147454425127,nan,0.18266404532597702,nan,nan,nan,nan,0.8439218985477106,nan,0.8421332336236584,nan,nan,0.6673156690369072,0.6625186399927027,nan,nan,nan,0.5367527342105923,0.8391661529985545,0.5879913094141601,nan,nan,nan,0.6394952727784334,nan,nan,nan,0.6508010658775418,nan,0.6447819211916277,nan,0.8403841536501666,0.7778348020224398,nan,0.6984146701679268,0.5879913094141601,0.8021163454249652,0.6508010658775418,nan,0.8021672569095023,nan,0.6055146240983562,0.6603254526468011,0.8021672569095023,nan,0.5870071738550969,nan,nan,nan,nan,0.6886420975001577,0.6997016266061256,nan,0.2764100817406244,0.8398584703239566,0.7155650585223248,nan,0.6682924898959864,nan,0.6924571817350884,nan,nan,0.8266706888382281,0.6931092559119643,0.6394952727784334,0.6447819211916277,0.6095709837625581,nan,1.0,0.8347125134867562,nan,nan,nan,nan,nan,nan,0.738512082757561,nan,0.7949886040536862,nan,0.6719424440881769,nan,0.8064713902958052,nan,0.7778348020224398,0.6931092559119643,0.8382686579972541,0.6095709837625581,nan,nan,nan,0.6951170372837303,nan,0.6335307589710384,nan,0.6187534164626636,0.647535787022489,nan,nan,0.5765916179413324
mdc_bc15e7fc4f2e7bff,nan,0.9545180735728903,0.8133576645822916,nan,0.8649588126491257,0.9700896863338461,0.630102629987475,0.972694908052507,nan,nan,nan,nan,0.846890545762869,0.8425279429413082,nan,nan,nan,nan,0.9881209343174208,nan,0.7617214694066295,0.9467220539379598,0.8129224591347701,nan,nan,nan,nan,0.5752778298834216,nan,0.8176499475949698,nan,0.23550754316393882,nan,nan,nan,nan,0.9756081554985432,nan,0.9843766123600451,nan,nan,0.8137659959733368,0.8349310702001058,nan,nan,nan,0.7342912443171196,0.9614313490445195,0.7500154467551609,nan,nan,nan,0.8453817020258714,nan,nan,nan,0.5638116127493241,nan,0.566372074745029,nan,0.9877611286271467,0.6815025439642357,nan,0.8310010212311342,0.7500154467551609,0.9673206942238081,0.5638116127493241,nan,0.7157803999952795,nan,0.7787620539196112,0.823947283232469,0.7157803999952795,nan,0.7940881827183986,nan,nan,nan,nan,0.8841981858547415,0.8936442829550386,nan,0.3038434897527572,0.9570468849815836,0.8588744555969879,nan,0.5752778298834216,nan,0.8493287126778707,nan,nan,0.9840250732609659,0.8867521710012289,0.8453817020258714,0.566372074745029,0.7818345572768998,nan,0.8347125134867562,0.9999999999999999,nan,nan,nan,nan,nan,nan,0.6301026299874751,nan,0.9107509008565293,nan,0.7714642096963075,nan,0.9329384118799051,nan,0.6815025439642358,0.886752171001229,0.9627870298121125,0.7818345572768997,nan,nan,nan,0.8419299408942161,nan,0.8070418549552134,nan,0.7859860444468283,0.8220574053508728,nan,nan,0.7741846692017599
mdc_bcab10034fd66fe3,nan,nan,nan,0.9290812977574481,nan,nan,nan,nan,0.6105668406411799,nan,0.9383944282877913,-0.13533412909122494,nan,nan,0.9271505332925687,0.9383944282877913,0.8085792605599614,0.9900825683832628,nan,nan,nan,nan,nan,-0.3134058167256663,0.6544990292687997,nan,0.937814331928761,nan,nan,nan,nan,nan,0.6875538794915521,nan,nan,nan,nan,nan,nan,nan,nan,nan,nan,nan,-0.318140488575855,0.7049562748572118,nan,nan,nan,0.9383944282877913,0.8162862008061837,-0.16700793456695343,nan,-0.26971927128566153,nan,nan,nan,nan,nan,nan,nan,nan,nan,nan,nan,nan,nan,nan,nan,nan,nan,nan,nan,nan,nan,-0.26971927128566153,1.0,nan,nan,nan,nan,-0.16700793456695343,nan,nan,nan,-0.2874302905058331,nan,0.9510942514968707,nan,nan,-0.26971927128566153,nan,nan,nan,nan,nan,nan,nan,nan,1.0,0.7049562748572117,0.8162862008061837,nan,nan,0.7049562748572117,nan,nan,nan,nan,nan,nan,nan,nan,nan,nan,nan,nan,nan,nan,nan,nan,nan,nan,nan,nan,nan,nan,0.9023139952721329,nan
mdc_bd0d2edb9c184cc8,nan,nan,nan,0.6582328126704277,nan,nan,nan,nan,0.7734519286113817,nan,0.8155968619436822,0.2613949419954963,nan,nan,0.8166613749420857,0.8155968619436822,0.6961979797753759,0.6947286238805714,nan,nan,nan,nan,nan,0.340959012597806,0.8909559310621823,nan,0.5588265637811192,nan,nan,nan,nan,nan,0.9107462273079477,nan,nan,nan,nan,nan,nan,nan,nan,nan,nan,nan,0.30597535148148236,0.9999999999999999,nan,nan,nan,0.8155968619436822,0.7927344480417442,0.25314446343875235,nan,0.4242301595960385,nan,nan,nan,nan,nan,nan,nan,nan,nan,nan,nan,nan,nan,nan,nan,nan,nan,nan,nan,nan,nan,0.4242301595960385,0.7049562748572117,nan,nan,nan,nan,0.25314446343875235,nan,nan,nan,0.38104369416988776,nan,0.7931594060273494,nan,nan,0.4242301595960385,nan,nan,nan,nan,nan,nan,nan,nan,0.7049562748572117,0.9999999999999999,0.7927344480417441,nan,nan,0.9999999999999999,nan,nan,nan,nan,nan,nan,nan,nan,nan,nan,nan,nan,nan,nan,nan,nan,nan,nan,nan,nan,nan,nan,0.48573549516988346,nan
mdc_be57ebb80c38d83e,nan,nan,nan,0.620557735045788,nan,nan,nan,nan,0.6014877152777629,nan,0.7009383226188831,0.44470310170683747,nan,nan,0.7199890067013369,0.7009383226188831,0.9231759263585647,0.8119424562835293,nan,nan,nan,nan,nan,0.2052262013231238,0.7967707499366549,nan,0.6699560995019398,nan,nan,nan,nan,nan,0.7854462619213666,nan,nan,nan,nan,nan,nan,nan,nan,nan,nan,nan,0.18875713205376843,0.7927344480417441,nan,nan,nan,0.7009383226188831,1.0,0.4332086612968208,nan,0.25118559896418874,nan,nan,nan,nan,nan,nan,nan,nan,nan,nan,nan,nan,nan,nan,nan,nan,nan,nan,nan,nan,nan,0.25118559896418874,0.8162862008061837,nan,nan,nan,nan,0.4332086612968208,nan,nan,nan,0.23076101460975207,nan,0.7409251556471833,nan,nan,0.25118559896418874,nan,nan,nan,nan,nan,nan,nan,nan,0.8162862008061837,0.7927344480417441,1.0,nan,nan,0.7927344480417442,nan,nan,nan,nan,nan,nan,nan,nan,nan,nan,nan,nan,nan,nan,nan,nan,nan,nan,nan,nan,nan,nan,0.657046738069624,nan
mdc_be80cb247303bb8c,-0.5072440929327718,nan,nan,nan,nan,nan,nan,nan,nan,-0.8055033009690229,nan,nan,nan,nan,nan,nan,nan,nan,nan,-0.7601148928372125,nan,nan,nan,nan,nan,0.9518965960473301,nan,nan,0.615841342127585,nan,-0.7626423779888193,nan,nan,0.5986360460268075,-0.7969742487075203,-0.7889720308058517,nan,-0.13517151656691612,nan,-0.6170932910161674,-0.8441793910872889,nan,nan,-0.6658830393825543,nan,nan,nan,nan,nan,nan,nan,nan,nan,nan,-0.27524195699410864,-0.2829288200137616,nan,-0.8185966976584523,nan,-0.8190868270033543,nan,nan,-0.7996097205234894,nan,nan,nan,nan,-0.8041371527734915,nan,-0.2829288200137616,nan,nan,nan,-0.726307217261084,nan,nan,nan,-0.41071228752373334,0.5160018665064258,nan,nan,nan,nan,nan,nan,nan,nan,nan,nan,-0.4738577656071877,nan,nan,nan,nan,nan,nan,0.45970370936421157,nan,nan,nan,nan,nan,0.9999999999999999,-0.8141855743802544,nan,nan,0.9518965960473301,nan,-0.7131024868753508,nan,0.42340796205099646,nan,-0.3664672859592759,nan,nan,nan,nan,0.5160018665064258,-0.8243974117745001,-0.813117209857989,nan,-0.8141119322267316,nan,0.9540372650008034,nan,nan,-0.7979759709689459,nan,nan
mdc_c1bc70edae36a6d2,0.8515129089171446,nan,nan,nan,nan,nan,nan,nan,nan,0.9883063261693656,nan,nan,nan,nan,nan,nan,nan,nan,nan,0.9825787840351536,nan,nan,nan,nan,nan,-0.8196533660962296,nan,nan,-0.17905826888675827,nan,0.9933000946968223,nan,nan,-0.11127139191248078,0.9708109328345971,0.9077035582003734,nan,0.28190397351116037,nan,0.8012627293140007,-0.009249358773113583,nan,nan,0.9552118515284207,nan,nan,nan,nan,nan,nan,nan,nan,nan,nan,0.7567462313356637,0.7861458713767122,nan,0.8916681275614108,nan,0.9697885655668623,nan,nan,0.9743014043288849,nan,nan,nan,nan,0.9508715384153652,nan,0.7861458713767122,nan,nan,nan,0.860648908580484,nan,nan,nan,0.7877430045228011,-0.08023018253046851,nan,nan,nan,nan,nan,nan,nan,nan,nan,nan,0.7946394584936545,nan,nan,nan,nan,nan,nan,-0.08818903025606288,nan,nan,nan,nan,nan,-0.8141855743802544,0.9999999999999999,nan,nan,-0.8196533660962296,nan,0.9154429901232818,nan,0.052680373114739186,nan,0.7926784972819567,nan,nan,nan,nan,-0.08023018253046851,0.9501021419424825,0.9981571102964715,nan,0.9155068124258852,nan,-0.8083018973467302,nan,nan,0.6989298885933796,nan,nan
mdc_c3f22a3b2320b02b,nan,nan,nan,0.6582328126704277,nan,nan,nan,nan,0.7734519286113817,nan,0.8155968619436822,0.2613949419954963,nan,nan,0.8166613749420857,0.8155968619436822,0.6961979797753759,0.6947286238805714,nan,nan,nan,nan,nan,0.340959012597806,0.8909559310621823,nan,0.5588265637811192,nan,nan,nan,nan,nan,0.9107462273079477,nan,nan,nan,nan,nan,nan,nan,nan,nan,nan,nan,0.30597535148148236,0.9999999999999999,nan,nan,nan,0.8155968619436822,0.7927344480417442,0.25314446343875235,nan,0.4242301595960385,nan,nan,nan,nan,nan,nan,nan,nan,nan,nan,nan,nan,nan,nan,nan,nan,nan,nan,nan,nan,nan,0.4242301595960385,0.7049562748572117,nan,nan,nan,nan,0.25314446343875235,nan,nan,nan,0.38104369416988776,nan,0.7931594060273494,nan,nan,0.4242301595960385,nan,nan,nan,nan,nan,nan,nan,nan,0.7049562748572117,0.9999999999999999,0.7927344480417442,nan,nan,0.9999999999999999,nan,nan,nan,nan,nan,nan,nan,nan,nan,nan,nan,nan,nan,nan,nan,nan,nan,nan,nan,nan,nan,nan,0.48573549516988346,nan
mdc_cc8c77c2e4658747,nan,0.6463779527901067,0.5052704448394733,nan,0.5717288953288311,0.6177515255710816,0.9999999999999999,0.6696789976953275,nan,nan,nan,nan,0.6569496812103508,0.670598335908787,nan,nan,nan,nan,0.6232947363125437,nan,0.3679556876378447,0.4916698535219595,0.4032476041548992,nan,nan,nan,nan,0.900881373044976,nan,0.39660274114077154,nan,0.4429697335837915,nan,nan,nan,nan,0.6665505917592375,nan,0.6412847297303258,nan,nan,0.6834623439750087,0.7049456684986979,nan,nan,nan,0.4604121902978,0.6447027077997848,0.6492566363570555,nan,nan,nan,0.6543593516213533,nan,nan,nan,0.8406597990902535,nan,0.8762439241870517,nan,0.637578862971738,0.9449662914080279,nan,0.728056554013995,0.6492566363570555,0.5574422333810329,0.8406597990902535,nan,0.8885846827894626,nan,0.6848681691888547,0.7219407351112866,0.8885846827894626,nan,0.3729642348943349,nan,nan,nan,nan,0.6632678673578468,0.691693554361303,nan,0.1000312006313745,0.6538506810221077,0.7208398614552978,nan,0.900881373044976,nan,0.7118402710007562,nan,nan,0.6043581321894895,0.6650201033871628,0.6543593516213533,0.8762439241870517,0.6724557727794063,nan,0.738512082757561,0.6301026299874751,nan,nan,nan,nan,nan,nan,0.9999999999999999,nan,0.606301960015996,nan,0.7582852338809888,nan,0.5863854155961249,nan,0.9449662914080278,0.6650201033871628,0.65025113152749,0.6724557727794063,nan,nan,nan,0.6704025284641342,nan,0.6839319644182631,nan,0.676779116046175,0.6219450833665279,nan,nan,0.3041135904491374
mdc_ce441f34fbac37a9,-0.4258529176078539,nan,nan,nan,nan,nan,nan,nan,nan,-0.8132265268648002,nan,nan,nan,nan,nan,nan,nan,nan,nan,-0.7637819272529749,nan,nan,nan,nan,nan,1.0,nan,nan,0.5715492528288816,nan,-0.7663307824254492,nan,nan,0.6045919108510011,-0.8038267695577981,-0.7230015609942377,nan,-0.026335426379273826,nan,-0.6366936205598495,-0.8402723745002096,nan,nan,-0.6697873483489442,nan,nan,nan,nan,nan,nan,nan,nan,nan,nan,-0.1908251354487002,-0.17515914796271562,nan,-0.8213921530671058,nan,-0.823536649189153,nan,nan,-0.8076898735224519,nan,nan,nan,nan,-0.8075791132223517,nan,-0.17515914796271562,nan,nan,nan,-0.6731128216577512,nan,nan,nan,-0.35358681035572465,0.6375917858355364,nan,nan,nan,nan,nan,nan,nan,nan,nan,nan,-0.4877132333050194,nan,nan,nan,nan,nan,nan,0.42519407170148105,nan,nan,nan,nan,nan,0.9518965960473301,-0.8196533660962296,nan,nan,1.0,nan,-0.7218971377164748,nan,0.4520736546681852,nan,-0.29449313935531796,nan,nan,nan,nan,0.6375917858355364,-0.8294344775125844,-0.8185177525188165,nan,-0.7627383474870654,nan,0.9810446061281473,nan,nan,-0.7994299500139231,nan,nan
mdc_d09458a4f96cd61b,nan,0.9088774836362775,0.7883500401137166,nan,0.8392925007132681,0.9033427855057327,0.606301960015996,0.9041922530581487,nan,nan,nan,nan,0.7893464687072093,0.8002048634753218,nan,nan,nan,nan,0.9238475271926966,nan,0.7353660907617481,0.866477190550938,0.7701058458019393,nan,nan,nan,nan,0.5467589283628357,nan,0.8165908123137038,nan,0.2623772425261619,nan,nan,nan,nan,0.9135192315258057,nan,0.920058823672081,nan,nan,0.7703030765745547,0.7901894793427415,nan,nan,nan,0.7461914972470984,0.8850437317240465,0.6733160538364947,nan,nan,nan,0.761459609809919,nan,nan,nan,0.5406062579873211,nan,0.5454552823863523,nan,0.9198054271910608,0.645078422901502,nan,0.787705994324531,0.6733160538364947,0.8831430293066074,0.5406062579873211,nan,0.6742210552864775,nan,0.7251311981556982,0.7595551846297369,0.6742210552864775,nan,0.7581772419041937,nan,nan,nan,nan,0.8146068652624165,0.8206101213413626,nan,0.3010140314022677,0.8785419608432462,0.8107695576592258,nan,0.5467589283628357,nan,0.7983009355469519,nan,nan,0.9119842303410016,0.8070278049134949,0.761459609809919,0.5454552823863523,0.7225328705052925,nan,0.7949886040536862,0.9107509008565293,nan,nan,nan,nan,nan,nan,0.606301960015996,nan,1.0,nan,0.7381887102775343,nan,0.8649129890278945,nan,0.6450784229015021,0.8070278049134948,0.88306992981403,0.7225328705052925,nan,nan,nan,0.799430997885785,nan,0.743847403646904,nan,0.724385764558588,0.8546453459566491,nan,nan,0.682564960292349
mdc_d14399299976220d,0.8514431873321293,nan,nan,nan,nan,nan,nan,nan,nan,0.9294105094704367,nan,nan,nan,nan,nan,nan,nan,nan,nan,0.8772584782482556,nan,nan,nan,nan,nan,-0.7218971377164748,nan,nan,-0.09437573123301335,nan,0.8975389607248628,nan,nan,-0.048139540389494924,0.9415300768075052,0.8840429449800028,nan,0.29321900941200557,nan,0.8420138288549834,0.19870415634486543,nan,nan,0.9210564964940037,nan,nan,nan,nan,nan,nan,nan,nan,nan,nan,0.7253034616441355,0.7851694826625157,nan,0.8941325106102385,nan,0.9234400785336695,nan,nan,0.9462580207332514,nan,nan,nan,nan,0.9246557750163593,nan,0.7851694826625157,nan,nan,nan,0.7813159462619296,nan,nan,nan,0.7638218247648204,0.004099849779553305,nan,nan,nan,nan,nan,nan,nan,nan,nan,nan,0.8168460224954753,nan,nan,nan,nan,nan,nan,0.0031688780252859023,nan,nan,nan,nan,nan,-0.7131024868753508,0.9154429901232818,nan,nan,-0.7218971377164748,nan,1.0,nan,0.12454140968678304,nan,0.7828772855140235,nan,nan,nan,nan,0.004099849779553305,0.9554672018236813,0.911847270174875,nan,0.8445772939384968,nan,-0.7179766505325623,nan,nan,0.7796754345233857,nan,nan
mdc_d25a06f953e1cce2,nan,0.7870663991100779,0.6439202891402531,nan,0.6862554733039249,0.7634866238148146,0.7582852338809888,0.8085211885955124,nan,nan,nan,nan,0.8153893925036859,0.8585900114092277,nan,nan,nan,nan,0.7798350559911449,nan,0.5656011909808465,0.6990142084273936,0.5954041422496895,nan,nan,nan,nan,0.6860409014221635,nan,0.6108346814856721,nan,0.46161794006281615,nan,nan,nan,nan,0.798895804966268,nan,0.791295783305941,nan,nan,0.851501331719024,0.8983116805297721,nan,nan,nan,0.6738009345632869,0.75691696359857,0.8366580377690742,nan,nan,nan,0.8486821938056998,nan,nan,nan,0.6528641488650896,nan,0.6648936685992128,nan,0.7712697493766938,0.7771291284784986,nan,0.9241772853139707,0.8366580377690742,0.7162745184611512,0.6528641488650896,nan,0.7759368265433766,nan,0.8430650882560723,0.866563628842817,0.7759368265433766,nan,0.569318853141907,nan,nan,nan,nan,0.8519986949311665,0.8547358513347657,nan,0.12405760958792138,0.7542046611928882,0.9087914652013236,nan,0.6860409014221635,nan,0.8404238386359782,nan,nan,0.7559080156515637,0.8368740582312721,0.8486821938056998,0.6648936685992128,0.8729466779197195,nan,0.6719424440881769,0.7714642096963075,nan,nan,nan,nan,nan,nan,0.7582852338809888,nan,0.7381887102775343,nan,0.9999999999999999,nan,0.7326588062903071,nan,0.7771291284784986,0.836874058231272,0.7624677674456014,0.8729466779197195,nan,nan,nan,0.8588366838535566,nan,0.885396412724221,nan,0.861076924338992,0.7766325752514236,nan,nan,0.4907515414990182
mdc_d277605e97c4c852,0.2380959070050461,nan,nan,nan,nan,nan,nan,nan,nan,0.05054439009847698,nan,nan,nan,nan,nan,nan,nan,nan,nan,0.15178307181344863,nan,nan,nan,nan,nan,0.4520736546681852,nan,nan,0.801155028781049,nan,0.14974969321134474,nan,nan,0.6646467922980924,0.08564349073876876,-0.13971443281374418,nan,-0.03072025072424542,nan,0.14801914102254804,-0.08093379172430647,nan,nan,0.18251876313491863,nan,nan,nan,nan,nan,nan,nan,nan,nan,nan,0.3909325688657104,0.35304832252584367,nan,0.03856185121283367,nan,0.04739531620375195,nan,nan,0.06874076089166606,nan,nan,nan,nan,0.09786433052971305,nan,0.35304832252584367,nan,nan,nan,-0.07348352363868813,nan,nan,nan,0.3387745903923969,0.6264484910403822,nan,nan,nan,nan,nan,nan,nan,nan,nan,nan,0.2888004861864249,nan,nan,nan,nan,nan,nan,0.7918774357011641,nan,nan,nan,nan,nan,0.42340796205099646,0.052680373114739186,nan,nan,0.4520736546681852,nan,0.12454140968678304,nan,0.9999999999999998,nan,0.33854383102396185,nan,nan,nan,nan,0.6264484910403822,0.04402865063076726,0.06002331617542533,nan,-0.15043603477361214,nan,0.46684198686124234,nan,nan,-0.2057921673548746,nan,nan
mdc_d85f53e055270c7b,nan,0.9022194662582947,0.8184434195105711,nan,0.867332451353818,0.9265316084477131,0.5863854155961249,0.9200584334461909,nan,nan,nan,nan,0.7974061953627921,0.7985722883070424,nan,nan,nan,nan,0.9382952011654851,nan,0.7054703402099172,0.8764030758632098,0.7446901566333061,nan,nan,nan,nan,0.5200058147631378,nan,0.7766332882569414,nan,0.2060293011528431,nan,nan,nan,nan,0.92394843922986,nan,0.9325205646912746,nan,nan,0.7750265308757622,0.7846802007088499,nan,nan,nan,0.698537806208428,0.908385541547402,0.7215012747286639,nan,nan,nan,0.7842441798958474,nan,nan,nan,0.5116964505859319,nan,0.518612355164871,nan,0.9341031419009734,0.6365655814562358,nan,0.7835918080079607,0.7215012747286639,0.9028820639660522,0.5116964505859319,nan,0.6705892226946362,nan,0.7324359384725722,0.7723099775993071,0.6705892226946362,nan,0.7482376148168929,nan,nan,nan,nan,0.8319708227845835,0.8426004168852375,nan,0.2993933692894746,0.9055792724577865,0.8101863098860638,nan,0.5200058147631378,nan,0.7988886686494239,nan,nan,0.9182624393445268,0.8283310581686266,0.7842441798958474,0.518612355164871,0.7430468498506676,nan,0.8064713902958052,0.9329384118799051,nan,nan,nan,nan,nan,nan,0.5863854155961249,nan,0.8649129890278945,nan,0.7326588062903071,nan,0.9999999999999999,nan,0.6365655814562358,0.8283310581686266,0.9167819526655508,0.7430468498506677,nan,nan,nan,0.79841426000945,nan,0.7565264518807756,nan,0.7393577383876463,0.7867050478664388,nan,nan,0.6944849219472474
mdc_df580039cda31237,0.9100235852872257,nan,nan,nan,nan,nan,nan,nan,nan,0.7917007209753885,nan,nan,nan,nan,nan,nan,nan,nan,nan,0.8362921164655951,nan,nan,nan,nan,nan,-0.29449313935531796,nan,nan,0.30859999918900044,nan,0.8346933075504428,nan,nan,0.4455313459321363,0.8069890705348214,0.736539306144387,nan,0.41087696487904446,nan,0.7535787768611417,0.6781601395562483,nan,nan,0.7863586157392737,nan,nan,nan,nan,nan,nan,nan,nan,nan,nan,0.9575162523729471,0.9475267078993584,nan,0.761420439258773,nan,0.7836226352428959,nan,nan,0.7993095388934273,nan,nan,nan,nan,0.7781899175234174,nan,0.9475267078993584,nan,nan,nan,0.7137096331381648,nan,nan,nan,0.9503615545186049,0.5132837015833664,nan,nan,nan,nan,nan,nan,nan,nan,nan,nan,0.813573491995959,nan,nan,nan,nan,nan,nan,0.30552185948375377,nan,nan,nan,nan,nan,-0.3664672859592759,0.7926784972819567,nan,nan,-0.29449313935531796,nan,0.7828772855140235,nan,0.33854383102396185,nan,1.0,nan,nan,nan,nan,0.5132837015833664,0.781346280581871,0.7956237585835205,nan,0.731564457737395,nan,-0.3048403693315113,nan,nan,0.4891060865873522,nan,nan
mdc_dfd60d2f2c6863e5,nan,0.7071151863090023,0.5651976769689498,nan,0.6260297423779929,0.6615338177589357,0.9449662914080278,0.708024956756333,nan,nan,nan,nan,0.6994876216622269,0.7313308163754457,nan,nan,nan,nan,0.6722040837968949,nan,0.41068154684609964,0.5735603217160934,0.44586100398949097,nan,nan,nan,nan,0.8714946360629127,nan,0.46908019052692373,nan,0.4555238646673702,nan,nan,nan,nan,0.7153613025417174,nan,0.6894580507626272,nan,nan,0.7437774870151632,0.7420967708680285,nan,nan,nan,0.532287779097696,0.6853903396445054,0.6899788970877586,nan,nan,nan,0.6941527785068985,nan,nan,nan,0.8308261647676447,nan,0.8567684429153726,nan,0.6819386911944284,1.0,nan,0.7679542068590808,0.6899788970877586,0.6276219928277295,0.8308261647676447,nan,0.9292335057255673,nan,0.7242571436273925,0.7324649653767589,0.9292335057255673,nan,0.41575320954462575,nan,nan,nan,nan,0.7120340398338462,0.735603758191891,nan,0.17651525168552154,0.7009358933127545,0.7681241447760152,nan,0.8714946360629127,nan,0.7484380481894215,nan,nan,0.6479206728945994,0.7173324061964834,0.6941527785068985,0.8567684429153726,0.7090604625798835,nan,0.7778348020224398,0.6815025439642358,nan,nan,nan,nan,nan,nan,0.9449662914080278,nan,0.6450784229015021,nan,0.7771291284784986,nan,0.6365655814562358,nan,1.0,0.7173324061964834,0.681318071530562,0.7090604625798836,nan,nan,nan,0.731150474517453,nan,0.7283440330630232,nan,0.7263886232295844,0.6408803535419281,nan,nan,0.3792231439037419
mdc_e0df03299c6d576d,nan,0.8717502353003794,0.7252169475663393,nan,0.7776274405142397,0.8570723312197485,0.6650201033871628,0.8884185232951127,nan,nan,nan,nan,0.9015189222725374,0.9058539685960708,nan,nan,nan,nan,0.889972971418397,nan,0.6942039745407468,0.8370978420740396,0.7523641986587752,nan,nan,nan,nan,0.6418309960547048,nan,0.7066573764600915,nan,0.4461005600914498,nan,nan,nan,nan,0.8903190721520599,nan,0.8842916986363316,nan,nan,0.9059019583624749,0.9227057668296911,nan,nan,nan,0.75364129894681,0.8571312748331303,0.8667655635004781,nan,nan,nan,0.9330721887163772,nan,nan,nan,0.6385395325212745,nan,0.6355446009540983,nan,0.8866513401489156,0.7173324061964834,nan,0.8922144597641375,0.8667655635004781,0.8511540016601317,0.6385395325212745,nan,0.7514142990305349,nan,0.8692339355734926,0.878272768224762,0.7514142990305349,nan,0.7197991214103452,nan,nan,nan,nan,0.9577831317526619,0.9869460216763091,nan,0.25234629340087,0.8647617298859527,0.9236195165241773,nan,0.6418309960547048,nan,0.9310810306927673,nan,nan,0.8642197246981865,1.0,0.9330721887163772,0.6355446009540983,0.8845523276956585,nan,0.6931092559119643,0.886752171001229,nan,nan,nan,nan,nan,nan,0.6650201033871628,nan,0.8070278049134948,nan,0.836874058231272,nan,0.8283310581686266,nan,0.7173324061964834,1.0,0.8476363789723111,0.8845523276956586,nan,nan,nan,0.9063349645230286,nan,0.918304884615253,nan,0.9088300844915617,0.8622281004304978,nan,nan,0.6676244272848038
mdc_e0e6217804293163,nan,0.9297689004218948,0.7692589107774747,nan,0.8438153804560667,0.9577399314646552,0.65025113152749,0.953058326320781,nan,nan,nan,nan,0.8254464181960677,0.8124800021540095,nan,nan,nan,nan,0.9655709157382392,nan,0.7244790088580962,0.907134615794114,0.7759182957200433,nan,nan,nan,nan,0.596436941718595,nan,0.7841570131762865,nan,0.22032257765206106,nan,nan,nan,nan,0.954477387867717,nan,0.9616922980025545,nan,nan,0.7868984245704261,0.8132437426312463,nan,nan,nan,0.684818330709706,0.9478039661350489,0.726112329588224,nan,nan,nan,0.8127797955252717,nan,nan,nan,0.5898174981672272,nan,0.582600145766419,nan,0.9604196556812146,0.681318071530562,nan,0.8181489690639724,0.726112329588224,0.9382180776781155,0.5898174981672272,nan,0.7088973332060329,nan,0.7593838289981396,0.7986151738209276,0.7088973332060329,nan,0.7547779146969444,nan,nan,nan,nan,0.8583801613431444,0.8573634240459089,nan,0.29595804218417937,0.9484530180074203,0.8390496328726184,nan,0.596436941718595,nan,0.8274559764758281,nan,nan,0.95128820309867,0.8476363789723111,0.8127797955252717,0.582600145766419,0.7516566829220037,nan,0.8382686579972541,0.9627870298121125,nan,nan,nan,nan,nan,nan,0.65025113152749,nan,0.88306992981403,nan,0.7624677674456014,nan,0.9167819526655508,nan,0.681318071530562,0.8476363789723111,1.0,0.7516566829220036,nan,nan,nan,0.8118372180063139,nan,0.7760966387496581,nan,0.7629176302219909,0.7779861309758759,nan,nan,0.7193399392134966
mdc_e19c602426cbe9a2,nan,0.7783436750750686,0.6589959135979988,nan,0.7283198861560405,0.7635223044481542,0.6724557727794063,0.7898876912652188,nan,nan,nan,nan,0.8813169068499676,0.8335114865160822,nan,nan,nan,nan,0.7802523081361885,nan,0.5890355915972212,0.7381922125392743,0.650770720943087,nan,nan,nan,nan,0.658782242959838,nan,0.6378303928912915,nan,0.460502216849641,nan,nan,nan,nan,0.7908083120799259,nan,0.7877103237330814,nan,nan,0.836538882502803,0.9399684207918907,nan,nan,nan,0.7172412409640537,0.7652108494087763,0.9464885038222156,nan,nan,nan,0.9177068009311993,nan,nan,nan,0.6437265753663997,nan,0.6455517907501268,nan,0.7878543978259489,0.7090604625798836,nan,0.878169619267,0.9464885038222156,0.7398661762024764,0.6437265753663997,nan,0.7324791044098543,nan,0.8404434366361953,0.8762292506713785,0.7324791044098543,nan,0.6221623953126991,nan,nan,nan,nan,0.9056147888759025,0.8845772256928119,nan,0.17099818200767172,0.7647742502546405,0.8752243046155789,nan,0.658782242959838,nan,0.8665235601378016,nan,nan,0.7593713586520668,0.8845523276956586,0.9177068009311993,0.6455517907501268,1.0,nan,0.6095709837625581,0.7818345572768997,nan,nan,nan,nan,nan,nan,0.6724557727794063,nan,0.7225328705052925,nan,0.8729466779197195,nan,0.7430468498506677,nan,0.7090604625798836,0.8845523276956586,0.7516566829220036,1.0,nan,nan,nan,0.833866818643083,nan,0.9270134135475787,nan,0.9127695522628315,0.7718492928984393,nan,nan,0.5632760188570218
mdc_e30c4fb0bbc963e6,0.3573621226680932,nan,nan,nan,nan,nan,nan,nan,nan,-0.0750441591196857,nan,nan,nan,nan,nan,nan,nan,nan,nan,-0.0021666464917649555,nan,nan,nan,nan,nan,0.6375917858355364,nan,nan,0.6873639301929297,nan,-0.006733417156175733,nan,nan,0.8472291132810278,-0.06139318302717792,-0.016818814349876338,nan,0.3165431280293337,nan,0.00852599081423475,-0.18417032055020077,nan,nan,0.07749363793223096,nan,nan,nan,nan,nan,nan,nan,nan,nan,nan,0.6157540999858397,0.6467844790607671,nan,-0.1052060883205313,nan,-0.09025807885533071,nan,nan,-0.07163694937314084,nan,nan,nan,nan,-0.08890937627443701,nan,0.6467844790607671,nan,nan,nan,0.02076666802469477,nan,nan,nan,0.4212595385391592,1.0,nan,nan,nan,nan,nan,nan,nan,nan,nan,nan,0.25475837927776096,nan,nan,nan,nan,nan,nan,0.5139831069071821,nan,nan,nan,nan,nan,0.5160018665064258,-0.08023018253046851,nan,nan,0.6375917858355364,nan,0.004099849779553305,nan,0.6264484910403822,nan,0.5132837015833664,nan,nan,nan,nan,1.0,-0.09902499792554295,-0.07896009722914626,nan,-0.05711486171843547,nan,0.5875188602813702,nan,nan,-0.2699177000317535,nan,nan
mdc_e32bb6929aef08f7,0.8447204039371018,nan,nan,nan,nan,nan,nan,nan,nan,0.9631027084569361,nan,nan,nan,nan,nan,nan,nan,nan,nan,0.9038671283166845,nan,nan,nan,nan,nan,-0.8294344775125844,nan,nan,-0.18638621539078284,nan,0.924633839177126,nan,nan,-0.1264417711360568,0.9829426687284779,0.9085110159418862,nan,0.26203606877801205,nan,0.8779687604413778,0.25123789222177767,nan,nan,0.9693499679982085,nan,nan,nan,nan,nan,nan,nan,nan,nan,nan,0.7458410203043229,0.7733897784011516,nan,0.9515911443723403,nan,0.9671748524625748,nan,nan,0.9869713585951344,nan,nan,nan,nan,0.968544803965819,nan,0.7733897784011516,nan,nan,nan,0.8618352477889634,nan,nan,nan,0.7788768457951981,-0.09902499792554295,nan,nan,nan,nan,nan,nan,nan,nan,nan,nan,0.8666683018776066,nan,nan,nan,nan,nan,nan,-0.08883558015997015,nan,nan,nan,nan,nan,-0.8243974117745001,0.9501021419424825,nan,nan,-0.8294344775125844,nan,0.9554672018236813,nan,0.04402865063076726,nan,0.781346280581871,nan,nan,nan,nan,-0.09902499792554295,0.9999999999999999,0.9506137640002461,nan,0.9135134753392595,nan,-0.8199047892335473,nan,nan,0.8323126446745928,nan,nan
mdc_e62e894e452b0619,0.8560493129158109,nan,nan,nan,nan,nan,nan,nan,nan,0.9889950144605119,nan,nan,nan,nan,nan,nan,nan,nan,nan,0.9820180372068573,nan,nan,nan,nan,nan,-0.8185177525188165,nan,nan,-0.17582664144366975,nan,0.9908704960285953,nan,nan,-0.1069417962122464,0.9762536651749391,0.904105261207862,nan,0.2855463562097269,nan,0.8043036640075432,0.015962120753078488,nan,nan,0.9534484979512501,nan,nan,nan,nan,nan,nan,nan,nan,nan,nan,0.7622440693770868,0.786494984514094,nan,0.9031293285308417,nan,0.9802414914220251,nan,nan,0.9740819539776413,nan,nan,nan,nan,0.9509110112706175,nan,0.786494984514094,nan,nan,nan,0.8628104354115712,nan,nan,nan,0.7953836579022571,-0.07896009722914626,nan,nan,nan,nan,nan,nan,nan,nan,nan,nan,0.8003780629755787,nan,nan,nan,nan,nan,nan,-0.0829663366661323,nan,nan,nan,nan,nan,-0.813117209857989,0.9981571102964715,nan,nan,-0.8185177525188165,nan,0.911847270174875,nan,0.06002331617542533,nan,0.7956237585835205,nan,nan,nan,nan,-0.07896009722914626,0.9506137640002461,0.9999999999999999,nan,0.9167101991263125,nan,-0.8060777809898589,nan,nan,0.7020067685213074,nan,nan
mdc_e77699a8893a31cd,nan,0.8734256254918886,0.710498784210201,nan,0.7551189694993579,0.819066688282577,0.6704025284641342,0.85053129939246,nan,nan,nan,nan,0.8477648399741509,0.9995529273768439,nan,nan,nan,nan,0.8492411598803439,nan,0.6192982829797959,0.8065122382718904,0.6690070875248857,nan,nan,nan,nan,0.6206268816978963,nan,0.6656422660687599,nan,0.5053036920760783,nan,nan,nan,nan,0.8523576056582597,nan,0.8525587707386854,nan,nan,0.9554578753061194,0.8755321418347858,nan,nan,nan,0.7335057164556742,0.8084318106519797,0.8180854120745027,nan,nan,nan,0.8702320620925355,nan,nan,nan,0.6023348762913017,nan,0.6099270651102188,nan,0.841630249448119,0.731150474517453,nan,0.8998552350381721,0.8180854120745027,0.7978251728654505,0.6023348762913017,nan,0.7486897827254164,nan,0.8752431604865655,0.8321351993033389,0.7486897827254164,nan,0.6330452234193669,nan,nan,nan,nan,0.8900292234205868,0.9106584035945943,nan,0.20490626593038264,0.8085852114519639,0.9439244264851582,nan,0.6206268816978963,nan,0.8774915670726824,nan,nan,0.8245439390399608,0.9063349645230286,0.8702320620925355,0.6099270651102188,0.833866818643083,nan,0.6951170372837303,0.8419299408942161,nan,nan,nan,nan,nan,nan,0.6704025284641342,nan,0.799430997885785,nan,0.8588366838535566,nan,0.79841426000945,nan,0.731150474517453,0.9063349645230286,0.8118372180063139,0.833866818643083,nan,nan,nan,1.0,nan,0.8835684627192057,nan,0.8670299330695113,0.8288834172714621,nan,nan,0.6491990513314085
mdc_e9c74b43bf92a568,0.7809574575396528,nan,nan,nan,nan,nan,nan,nan,nan,0.9176232473113328,nan,nan,nan,nan,nan,nan,nan,nan,nan,0.8902489153438002,nan,nan,nan,nan,nan,-0.7627383474870654,nan,nan,-0.2515194337237905,nan,0.8901082124205569,nan,nan,-0.1545950159863137,0.9058019494572289,0.9501053129319061,nan,0.32672853118094713,nan,0.7374159156548047,0.8539240058270425,nan,nan,0.8154313261249303,nan,nan,nan,nan,nan,nan,nan,nan,nan,nan,0.68301661330902,0.6821201966043323,nan,0.889364128222779,nan,0.9089210774090284,nan,nan,0.9196678873685364,nan,nan,nan,nan,0.8744292836001374,nan,0.6821201966043323,nan,nan,nan,0.9305342944315,nan,nan,nan,0.7322022196434589,-0.05711486171843547,nan,nan,nan,nan,nan,nan,nan,nan,nan,nan,0.6835224870523094,nan,nan,nan,nan,nan,nan,-0.1920244847654825,nan,nan,nan,nan,nan,-0.8141119322267316,0.9155068124258852,nan,nan,-0.7627383474870654,nan,0.8445772939384968,nan,-0.15043603477361214,nan,0.731564457737395,nan,nan,nan,nan,-0.05711486171843547,0.9135134753392595,0.9167101991263125,nan,0.9999999999999998,nan,-0.7880160348500271,nan,nan,0.8779648592283973,nan,nan
mdc_e9f1550d7cfae623,nan,0.819219084444737,0.6745367626592095,nan,0.7330526927439746,0.7665963346403886,0.6839319644182631,0.8138965937477807,nan,nan,nan,nan,0.9094338860653965,0.8834715588355804,nan,nan,nan,nan,0.8087541931735454,nan,0.668466091643407,0.7381795956518066,0.7056739548608364,nan,nan,nan,nan,0.7008597104838779,nan,0.6353322718189778,nan,0.46566262343603376,nan,nan,nan,nan,0.8163821051494724,nan,0.808946929463595,nan,nan,0.8916925437348635,0.9540683941383566,nan,nan,nan,0.7446287862542557,0.7798184579584598,0.9126271769390782,nan,nan,nan,0.93037991073984,nan,nan,nan,0.6713666846178938,nan,0.6916842475162673,nan,0.8006604848834328,0.7283440330630232,nan,0.9072922516070095,0.9126271769390782,0.7521391679441186,0.6713666846178938,nan,0.7686335425260712,nan,0.8729899267153062,0.9053406186613396,0.7686335425260712,nan,0.6846525895606169,nan,nan,nan,nan,0.9357006582788143,0.9209066328960313,nan,0.13268769111691722,0.7931421032463851,0.9138614319464046,nan,0.7008597104838779,nan,0.9112398837776042,nan,nan,0.7688130348109647,0.918304884615253,0.93037991073984,0.6916842475162673,0.9270134135475787,nan,0.6335307589710384,0.8070418549552134,nan,nan,nan,nan,nan,nan,0.6839319644182631,nan,0.743847403646904,nan,0.885396412724221,nan,0.7565264518807756,nan,0.7283440330630232,0.918304884615253,0.7760966387496581,0.9270134135475787,nan,nan,nan,0.8835684627192057,nan,1.0,nan,0.978157817252314,0.8066838166622486,nan,nan,0.5664526506783863
mdc_eb281f6d7961dd89,-0.4552832906154873,nan,nan,nan,nan,nan,nan,nan,nan,-0.8018095690040755,nan,nan,nan,nan,nan,nan,nan,nan,nan,-0.7533812471306509,nan,nan,nan,nan,nan,0.9810446061281473,nan,nan,0.6108979087534915,nan,-0.7561121324804924,nan,nan,0.6202517900443318,-0.7867808914402697,-0.7551168099294817,nan,-0.024456457919763523,nan,-0.6199894243375934,-0.831428272002526,nan,nan,-0.6567312076916098,nan,nan,nan,nan,nan,nan,nan,nan,nan,nan,-0.22192997758739405,-0.22038656079700714,nan,-0.8067719508726109,nan,-0.8108694439266568,nan,nan,-0.7955916876179807,nan,nan,nan,nan,-0.7984990165720726,nan,-0.22038656079700714,nan,nan,nan,-0.694362611275685,nan,nan,nan,-0.36466051463020915,0.5875188602813702,nan,nan,nan,nan,nan,nan,nan,nan,nan,nan,-0.471350414935007,nan,nan,nan,nan,nan,nan,0.4718170460143972,nan,nan,nan,nan,nan,0.9540372650008034,-0.8083018973467302,nan,nan,0.9810446061281473,nan,-0.7179766505325623,nan,0.46684198686124234,nan,-0.3048403693315113,nan,nan,nan,nan,0.5875188602813702,-0.8199047892335473,-0.8060777809898589,nan,-0.7880160348500271,nan,1.0,nan,nan,-0.8241718376122507,nan,nan
mdc_f626a0aebd084d8b,nan,0.8062843286640753,0.664233181729102,nan,0.7233170959308992,0.7509671373995558,0.676779116046175,0.7942230948742685,nan,nan,nan,nan,0.9056190205274297,0.8663929190204447,nan,nan,nan,nan,0.7871766287086364,nan,0.6640208008334552,0.7244404273548829,0.695404707715513,nan,nan,nan,nan,0.7243123171418028,nan,0.6037357359521554,nan,0.47852662085645137,nan,nan,nan,nan,0.7994422970795663,nan,0.7872182398147364,nan,nan,0.873035113014554,0.9386139599009404,nan,nan,nan,0.7246476569041087,0.7589006506312844,0.9003843586007788,nan,nan,nan,0.9220838479346929,nan,nan,nan,0.7017091625948293,nan,0.7233348614859542,nan,0.7816650321357946,0.7263886232295844,nan,0.896657984641672,0.9003843586007788,0.7419262940662703,0.7017091625948293,nan,0.7635957506138112,nan,0.8536678761290651,0.8835342267170437,0.7635957506138112,nan,0.6796560947072775,nan,nan,nan,nan,0.9197395914717212,0.904540418262234,nan,0.15741862146399518,0.7818203883717822,0.8938712551998542,nan,0.7243123171418028,nan,0.8978787133916499,nan,nan,0.7460738229804336,0.9088300844915617,0.9220838479346929,0.7233348614859542,0.9127695522628315,nan,0.6187534164626636,0.7859860444468283,nan,nan,nan,nan,nan,nan,0.676779116046175,nan,0.724385764558588,nan,0.861076924338992,nan,0.7393577383876463,nan,0.7263886232295844,0.9088300844915617,0.7629176302219909,0.9127695522628315,nan,nan,nan,0.8670299330695113,nan,0.978157817252314,nan,0.9999999999999999,0.7893492999352262,nan,nan,0.5477324218160671
mdc_f75b772be82c145f,nan,0.8382833002196514,0.7161821925413645,nan,0.7441035370840385,0.8042664343328386,0.6219450833665279,0.8308905510617238,nan,nan,nan,nan,0.7779579926313273,0.829632038504733,nan,nan,nan,nan,0.828156912155522,nan,0.7070040168443881,0.7764455061351387,0.7434627780026202,nan,nan,nan,nan,0.5679445075321332,nan,0.6887366495285306,nan,0.3963754705306557,nan,nan,nan,nan,0.8299061240393687,nan,0.8245049461366212,nan,nan,0.8180812815751323,0.8368995798994204,nan,nan,nan,0.8383947228879255,0.7902931023763886,0.730373693017638,nan,nan,nan,0.8126727397187326,nan,nan,nan,0.5514461543100851,nan,0.5723978762875268,nan,0.8275871753069786,0.6408803535419281,nan,0.8396528380549027,0.730373693017638,0.7895185375177532,0.5514461543100851,nan,0.6738559992735116,nan,0.7795935085734165,0.8125713956571802,0.6738559992735116,nan,0.7317670128211077,nan,nan,nan,nan,0.8632420763675044,0.875457830910101,nan,0.24895366411337094,0.7957372763002425,0.854654869783233,nan,0.5679445075321332,nan,0.8625529469946469,nan,nan,0.8173560386780222,0.8622281004304978,0.8126727397187326,0.5723978762875268,0.7718492928984393,nan,0.647535787022489,0.8220574053508728,nan,nan,nan,nan,nan,nan,0.6219450833665279,nan,0.8546453459566491,nan,0.7766325752514236,nan,0.7867050478664388,nan,0.6408803535419281,0.8622281004304978,0.7779861309758759,0.7718492928984393,nan,nan,nan,0.8288834172714621,nan,0.8066838166622486,nan,0.7893492999352262,1.0,nan,nan,0.5955754375967872
mdc_f76d596406c0ea04,0.6115203112877278,nan,nan,nan,nan,nan,nan,nan,nan,0.7412883564215704,nan,nan,nan,nan,nan,nan,nan,nan,nan,0.6164171475143617,nan,nan,nan,nan,nan,-0.7994299500139231,nan,nan,-0.3285095817750002,nan,0.6497002913329938,nan,nan,-0.31259385281753793,0.7878052055907394,0.8380046882181721,nan,0.3466509692621732,nan,0.7630139850188655,0.45721753120562586,nan,nan,0.7746254278987506,nan,nan,nan,nan,nan,nan,nan,nan,nan,nan,0.5192180949537102,0.5288782887534036,nan,0.8088291896010903,nan,0.7595178660011204,nan,nan,0.7871406145483109,nan,nan,nan,nan,0.7829137201835483,nan,0.5288782887534036,nan,nan,nan,0.9048910130838661,nan,nan,nan,0.5537176122318757,-0.2699177000317535,nan,nan,nan,nan,nan,nan,nan,nan,nan,nan,0.7472400763032254,nan,nan,nan,nan,nan,nan,-0.23918946811996278,nan,nan,nan,nan,nan,-0.7979759709689459,0.6989298885933796,nan,nan,-0.7994299500139231,nan,0.7796754345233857,nan,-0.2057921673548746,nan,0.4891060865873522,nan,nan,nan,nan,-0.2699177000317535,0.8323126446745928,0.7020067685213074,nan,0.8779648592283973,nan,-0.8241718376122507,nan,nan,0.9999999999999999,nan,nan
mdc_ff8260603405b20b,nan,nan,nan,0.8962473685560417,nan,nan,nan,nan,0.5275676329104009,nan,0.8086618165202306,-0.22974903830246338,nan,nan,0.815680184303169,0.8086618165202306,0.7745474461256658,0.924171937280438,nan,nan,nan,nan,nan,-0.44998660867484574,0.45224686000181136,nan,0.9453658289438591,nan,nan,nan,nan,nan,0.5021979411021542,nan,nan,nan,nan,nan,nan,nan,nan,nan,nan,nan,-0.4534749128128374,0.48573549516988346,nan,nan,nan,0.8086618165202306,0.657046738069624,-0.2863873741267419,nan,-0.4395043164631826,nan,nan,nan,nan,nan,nan,nan,nan,nan,nan,nan,nan,nan,nan,nan,nan,nan,nan,nan,nan,nan,-0.4395043164631826,0.9023139952721329,nan,nan,nan,nan,-0.2863873741267419,nan,nan,nan,-0.4444675313317882,nan,0.8436584227946626,nan,nan,-0.4395043164631826,nan,nan,nan,nan,nan,nan,nan,nan,0.9023139952721329,0.48573549516988346,0.657046738069624,nan,nan,0.48573549516988346,nan,nan,nan,nan,nan,nan,nan,nan,nan,nan,nan,nan,nan,nan,nan,nan,nan,nan,nan,nan,nan,nan,1.0,nan
mdc_ffec287b3c683df7,nan,0.7139645932550753,0.5442592034161279,nan,0.6211130864616945,0.7353318473598741,0.3041135904491374,0.6963673593392566,nan,nan,nan,nan,0.6171633715417213,0.649620260227963,nan,nan,nan,nan,0.7410654312404845,nan,0.6836793992294606,0.8272790444014559,0.7182236234097366,nan,nan,nan,nan,0.28633935873124533,nan,0.7112838392663104,nan,0.12657746191244423,nan,nan,nan,nan,0.7192820893723075,nan,0.7355284873150841,nan,nan,0.6081547694693111,0.5729153556679956,nan,nan,nan,0.589020757074501,0.7015023469203143,0.5603816927678223,nan,nan,nan,0.6361810323430581,nan,nan,nan,0.28625573122634196,nan,0.29442311920311226,nan,0.7688346397939648,0.3792231439037419,nan,0.5785794698986971,0.5603816927678223,0.8027173877240166,0.28625573122634196,nan,0.4115995555272728,nan,0.5642053601247993,0.5739775505242276,0.4115995555272728,nan,0.6822272956073397,nan,nan,nan,nan,0.650573217379257,0.658544881506861,nan,0.3422261752983298,0.6930396896096326,0.612633432417303,nan,0.28633935873124533,nan,0.5973066998857025,nan,nan,0.7956582680917732,0.6676244272848038,0.6361810323430581,0.29442311920311226,0.5632760188570218,nan,0.5765916179413324,0.7741846692017599,nan,nan,nan,nan,nan,nan,0.3041135904491374,nan,0.682564960292349,nan,0.4907515414990182,nan,0.6944849219472474,nan,0.3792231439037419,0.6676244272848038,0.7193399392134966,0.5632760188570218,nan,nan,nan,0.6491990513314085,nan,0.5664526506783863,nan,0.5477324218160671,0.5955754375967872,nan,nan,1.0
